Workbook

Sheet 시간표
B1: 개인 | D1: 합창 | F1: 단체 | H1: 심화
A3: 1 | B3: ='24년'!#REF! -> #REF! | C3: ='24년'!#REF! -> #REF! | D3: ='24년'!#REF! -> #REF! | E3: ='24년'!#REF! -> #REF! | F3: ='24년'!B39 -> 고영숙 | G3: ='24년'!#REF! -> #REF! | H3: ='24년'!#REF! -> #REF! | I3: ='24년'!#REF! -> #REF!
A4: 2 | B4: ='24년'!#REF! -> #REF! | C4: ='24년'!#REF! -> #REF! | D4: ='24년'!#REF! -> #REF! | E4: ='24년'!#REF! -> #REF! | F4: ='24년'!B41 -> 김용 | G4: ='24년'!#REF! -> #REF! | H4: ='24년'!#REF! -> #REF! | I4: ='24년'!#REF! -> #REF!
A5: 3 | B5: ='24년'!B13 -> 임하린 | C5: ='24년'!#REF! -> #REF! | D5: ='24년'!#REF! -> #REF! | E5: ='24년'!#REF! -> #REF! | F5: ='24년'!B43 -> 윤분숙 | G5: ='24년'!#REF! -> #REF! | H5: ='24년'!B50 -> 임하린 | I5: ='24년'!#REF! -> #REF!
A6: 4 | B6: ='24년'!B14 -> 배이준 | C6: ='24년'!#REF! -> #REF! | D6: ='24년'!#REF! -> #REF! | E6: ='24년'!#REF! -> #REF! | F6: ='24년'!B44 -> 석경남 | G6: ='24년'!#REF! -> #REF! | H6: ='24년'!#REF! -> #REF! | I6: ='24년'!#REF! -> #REF!
A7: 5 | B7: ='24년'!B15 -> 변이서 | C7: ='24년'!#REF! -> #REF! | D7: ='24년'!#REF! -> #REF! | E7: ='24년'!#REF! -> #REF! | F7: ='24년'!#REF! -> #REF! | G7: ='24년'!#REF! -> #REF! | H7: ='24년'!#REF! -> #REF! | I7: ='24년'!#REF! -> #REF!
A8: 6 | B8: ='24년'!#REF! -> #REF! | C8: ='24년'!#REF! -> #REF! | D8: ='24년'!#REF! -> #REF! | E8: ='24년'!#REF! -> #REF! | F8: ='24년'!B45 -> 박상혜 | G8: ='24년'!#REF! -> #REF! | H8: ='24년'!#REF! -> #REF! | I8: ='24년'!#REF! -> #REF!
A9: 7 | B9: ='24년'!#REF! -> #REF! | C9: ='24년'!#REF! -> #REF! | D9: ='24년'!#REF! -> #REF! | E9: ='24년'!#REF! -> #REF! | F9: ='24년'!#REF! -> #REF! | G9: ='24년'!#REF! -> #REF! | H9: ='24년'!#REF! -> #REF! | I9: ='24년'!#REF! -> #REF!
A10: 8 | B10: ='24년'!#REF! -> #REF! | C10: ='24년'!#REF! -> #REF! | D10: ='24년'!#REF! -> #REF! | E10: ='24년'!#REF! -> #REF! | F10: ='24년'!#REF! -> #REF! | G10: ='24년'!#REF! -> #REF!
A11: 9 | B11: ='24년'!#REF! -> #REF! | C11: ='24년'!#REF! -> #REF! | D11: ='24년'!#REF! -> #REF! | E11: ='24년'!#REF! -> #REF!
A12: 10 | B12: ='24년'!#REF! -> #REF! | C12: ='24년'!#REF! -> #REF! | D12: ='24년'!#REF! -> #REF! | E12: ='24년'!#REF! -> #REF!
A13: 11 | B13: ='24년'!B16 -> 문도진 | C13: ='24년'!#REF! -> #REF! | D13: ='24년'!#REF! -> #REF! | E13: ='24년'!#REF! -> #REF!
A14: 12 | B14: ='24년'!B17 -> 박지윤 | C14: ='24년'!#REF! -> #REF! | D14: ='24년'!#REF! -> #REF! | E14: ='24년'!#REF! -> #REF!
A15: 13 | B15: ='24년'!#REF! -> #REF! | C15: ='24년'!#REF! -> #REF!
A16: 14 | B16: ='24년'!#REF! -> #REF! | C16: ='24년'!#REF! -> #REF!

Sheet 24년1월
A1: 민요개인 | C1: 민요단체 | D1: ; | E1: 장구단체 | F1: ] | H1: 1주차
A2: 우리인력 | B2: =COUNTIF(I:AL,"우리인력") -> 8 | C2: 고영숙 | D2: =COUNTIF(I:AL,"고영숙;") -> 7 | E2: 고영숙 | F2: =COUNTIF(I:AL,"고영숙]") -> 0 | I2: 1 | K2: 2 | M2: 3 | O2: 4 | Q2: 5 | S2: 6 | U2: 7
A3: 김혜숙 | B3: =COUNTIF(I:AL,"김혜숙") -> 9 | C3: 공하정 | D3: =COUNTIF(I:AL,"공하정;") -> 4 | E3: 공하정 | F3: =COUNTIF(I:AL,"공하정]") -> 0 | I3: 월 | K3: 화 | M3: 수 | O3: 목 | Q3: 금 | S3: 토 | U3: 일
A4: 배이준 | B4: =COUNTIF(I:AL,"배이준") -> 4 | C4: 김다정 | D4: =COUNTIF(I:AL,"김다정;") -> 0 | E4: 이소영 | F4: =COUNTIF(I:AL,"이소영]") -> 0 | H4: 10 | K4: 우리인력 | O4: 우리인력
A5: 신하린 | B5: =COUNTIF(I:AL,"신하린") -> 2 | C5: 김용 | D5: =COUNTIF(I:AL,"김용;") -> 4 | E5: 임하린 | F5: =COUNTIF(I:AL,"임하린]") -> 0
A6: 아름다움 | B6: =COUNTIF(I:AL,"아름다움") -> 7 | C6: 윤분숙 | D6: =COUNTIF(I:AL,"윤분숙;") -> 0 | H6: 11 | K6: 김혜숙 | O6: 김혜숙 | S6: 배이준
A7: 이기찬 | B7: =COUNTIF(I:AL,"이기찬") -> 5 | C7: 이말진 | D7: =COUNTIF(I:AL,"이말진;") -> 3
A8: 초빈초연 | B8: =COUNTIF(I:AL,"초빈초연") -> 6 | C8: 최임이 | D8: =COUNTIF(I:AL,"최임이;") -> 2 | H8: 12
A9: 이소영 | B9: =COUNTIF(I:AL,"이소영") -> 1 | C9: 김혜정 | D9: =COUNTIF(I:AL,"김혜정;") -> 1
A10: 임하령 | B10: =COUNTIF(I:AL,"임하령") -> 2 | C10: 임하린 | D10: =COUNTIF(K:AN,"임하린;") -> 2 | H10: 1
A11: 임하린 | B11: =COUNTIF(I:AL,"임하린") -> 4 | C11: 정지원 | D11: =COUNTIF(K:AN,"정지원;") -> 2
A12: 정지원 | B12: =COUNTIF(I:AL,"정지원") -> 3 | C12: 초빈초연 | D12: =COUNTIF(K:AN,"초빈초연;") -> 4 | H12: 2 | K12: 이기찬 | O12: 이기찬
A13: 최은실 | B13: =COUNTIF(I:AL,"최은실") -> 2 | C13: 아름다움 | D13: =COUNTIF(K:AN,"아름다움;") -> 3
A14: 박창민 | B14: =COUNTIF(I:AL,"박창민") -> 0 | C14: 박창민 | D14: =COUNTIF(K:AN,"박창민;") -> 0 | H14: 3 | K14: 이소영 | M14: 김용; | N14: 공하정;
A15: 채린 | B15: =COUNTIF(I:AL,"채린") -> 0 | C15: 배이준 | D15: =COUNTIF(K:AN,"배이준;") -> 3 | M15: 고영숙;
A16: 최임이 | B16: =COUNTIF(I:AL,"최임이") -> 0 | C16: 임하령 | D16: =COUNTIF(K:AN,"임하령;") -> 0 | H16: 4 | K16: 임하린
A17: 김혜정 | B17: =COUNTIF(I:AL,"김혜정") -> 1 | C17: 이소영 | D17: =COUNTIF(K:AN,"이소영;") -> 1
C18: 이기찬 | D18: =COUNTIF(K:AN,"이기찬;") -> 1 | H18: 5 | K18: 임하령 | M18: 신하린 | O18: 초빈초연 | U18: 아름다움
C19: 채린 | D19: =COUNTIF(K:AN,"채린;") -> 0
H20: 6 | K20: 초빈초연; | L20: 배이준; | M20: 이말진; | N20: 고영숙;
K21: 이소영; | L21: 임하린;
K22: 이기찬;
H24: 7
A28: 민요개인 | C28: 민요단체 | D28: ; | E28: 장구단체 | F28: ] | H28: 2주차
A29: 우리인력 | B29: =COUNTIF(I:AL,"우리인력") -> 8 | C29: 고영숙 | D29: =COUNTIF(I:AL,"고영숙;") -> 7 | E29: 고영숙 | F29: =COUNTIF(I:AL,"고영숙]") -> 0 | I29: 8 | K29: 9 | M29: 10 | O29: 11 | Q29: 12 | S29: 13 | U29: 14
A30: 김혜숙 | B30: =COUNTIF(I:AL,"김혜숙") -> 9 | C30: 공하정 | D30: =COUNTIF(I:AL,"공하정;") -> 4 | E30: 공하정 | F30: =COUNTIF(I:AL,"공하정]") -> 0 | I30: 월 | K30: 화 | M30: 수 | O30: 목 | Q30: 금 | S30: 토 | U30: 일
A31: 배이준 | B31: =COUNTIF(I:AL,"배이준") -> 4 | C31: 김다정 | D31: =COUNTIF(I:AL,"김다정;") -> 0 | E31: 이소영 | F31: =COUNTIF(I:AL,"이소영]") -> 0 | H31: 10 | I31: 우리인력 | O31: 우리인력
A32: 신하린 | B32: =COUNTIF(I:AL,"신하린") -> 2 | C32: 김용 | D32: =COUNTIF(I:AL,"김용;") -> 4 | E32: 임하린 | F32: =COUNTIF(I:AL,"임하린]") -> 0
A33: 아름다움 | B33: =COUNTIF(I:AL,"아름다움") -> 7 | C33: 윤분숙 | D33: =COUNTIF(I:AL,"윤분숙;") -> 0 | H33: 11 | K33: 김혜숙 | O33: 김혜숙 | S33: 배이준
A34: 이기찬 | B34: =COUNTIF(I:AL,"이기찬") -> 5 | C34: 이말직 | D34: =COUNTIF(I:AL,"이말직;") -> 0
A35: 초빈초연 | B35: =COUNTIF(I:AL,"초빈초연") -> 6 | C35: 최임이 | D35: =COUNTIF(I:AL,"최임이;") -> 2 | H35: 12 | Q35: 이기찬
A36: 이소영 | B36: =COUNTIF(I:AL,"이소영") -> 1 | C36: 김혜정 | D36: =COUNTIF(I:AL,"김혜정;") -> 1
A37: 임하령 | B37: =COUNTIF(I:AL,"임하령") -> 2 | C37: 임하린 | D37: =COUNTIF(K:AN,"임하린;") -> 2 | H37: 1
A38: 임하린 | B38: =COUNTIF(I:AL,"임하린") -> 4 | C38: 정지원 | D38: =COUNTIF(K:AN,"정지원;") -> 2
A39: 정지원 | B39: =COUNTIF(I:AL,"정지원") -> 3 | C39: 초빈초연 | D39: =COUNTIF(K:AN,"초빈초연;") -> 4 | H39: 2
A40: 최은실 | B40: =COUNTIF(I:AL,"최은실") -> 2 | C40: 아름다움 | D40: =COUNTIF(K:AN,"아름다움;") -> 3
A41: 박창민 | B41: =COUNTIF(I:AL,"박창민") -> 0 | C41: 박창민 | D41: =COUNTIF(K:AN,"박창민;") -> 0 | H41: 3 | K41: 임하린 | M41: 김용; | N41: 공하정;
A42: 채린 | B42: =COUNTIF(I:AL,"채린") -> 0 | C42: 배이준 | D42: =COUNTIF(K:AN,"배이준;") -> 3 | M42: 고영숙;
A43: 최임이 | B43: =COUNTIF(I:AL,"최임이") -> 0 | C43: 임하령 | D43: =COUNTIF(K:AN,"임하령;") -> 0 | H43: 4 | K43: 아름다움 | O43: 정지원
A44: 김혜정 | B44: =COUNTIF(I:AL,"김혜정") -> 1 | C44: 이소영 | D44: =COUNTIF(K:AN,"이소영;") -> 1
C45: 이기찬 | D45: =COUNTIF(K:AN,"이기찬;") -> 1 | H45: 5 | K45: 임하령 | O45: 초빈초연 | U45: 아름다움
C46: 채린 | D46: =COUNTIF(K:AN,"채린;") -> 0
H47: 6 | K47: 초빈초연; | L47: 아름다움; | M47: 이말진; | N47: 고영숙;
K48: 배이준;
H51: 7
A54: 민요개인 | C54: 민요단체 | D54: ; | E54: 장구단체 | F54: ] | H54: 3주차
A55: 우리인력 | B55: =COUNTIF(I:AL,"우리인력") -> 8 | C55: 고영숙 | D55: =COUNTIF(I:AL,"고영숙;") -> 7 | E55: 고영숙 | F55: =COUNTIF(I:AL,"고영숙]") -> 0 | I55: 15 | K55: 16 | M55: 17 | O55: 18 | Q55: 19 | S55: 20 | U55: 21
A56: 김혜숙 | B56: =COUNTIF(I:AL,"김혜숙") -> 9 | C56: 공하정 | D56: =COUNTIF(I:AL,"공하정;") -> 4 | E56: 공하정 | F56: =COUNTIF(I:AL,"공하정]") -> 0 | I56: 월 | K56: 화 | M56: 수 | O56: 목 | Q56: 금 | S56: 토 | U56: 일
A57: 배이준 | B57: =COUNTIF(I:AL,"배이준") -> 4 | C57: 김다정 | D57: =COUNTIF(I:AL,"김다정;") -> 0 | E57: 이소영 | F57: =COUNTIF(I:AL,"이소영]") -> 0 | H57: 10 | I57: 우리인력 | O57: 우리인력
A58: 신하린 | B58: =COUNTIF(I:AL,"신하린") -> 2 | C58: 김용 | D58: =COUNTIF(I:AL,"김용;") -> 4 | E58: 임하린 | F58: =COUNTIF(I:AL,"임하린]") -> 0
A59: 아름다움 | B59: =COUNTIF(I:AL,"아름다움") -> 7 | C59: 윤분숙 | D59: =COUNTIF(I:AL,"윤분숙;") -> 0 | H59: 11 | K59: 김혜숙 | O59: 김혜숙 | S59: 배이준
A60: 이기찬 | B60: =COUNTIF(I:AL,"이기찬") -> 5 | C60: 이말직 | D60: =COUNTIF(I:AL,"이말직;") -> 0
A61: 초빈초연 | B61: =COUNTIF(I:AL,"초빈초연") -> 6 | C61: 최임이 | D61: =COUNTIF(I:AL,"최임이;") -> 2 | H61: 12
A62: 이소영 | B62: =COUNTIF(I:AL,"이소영") -> 1 | C62: 김혜정 | D62: =COUNTIF(I:AL,"김혜정;") -> 1
A63: 임하령 | B63: =COUNTIF(I:AL,"임하령") -> 2 | C63: 임하린 | D63: =COUNTIF(K:AN,"임하린;") -> 2 | H63: 1 | S63: 이기찬
A64: 임하린 | B64: =COUNTIF(I:AL,"임하린") -> 4 | C64: 정지원 | D64: =COUNTIF(K:AN,"정지원;") -> 2
A65: 정지원 | B65: =COUNTIF(I:AL,"정지원") -> 3 | C65: 초빈초연 | D65: =COUNTIF(K:AN,"초빈초연;") -> 4 | H65: 2 | S65: 최은실
A66: 최은실 | B66: =COUNTIF(I:AL,"최은실") -> 2 | C66: 아름다움 | D66: =COUNTIF(K:AN,"아름다움;") -> 3
A67: 박창민 | B67: =COUNTIF(I:AL,"박창민") -> 0 | C67: 박창민 | D67: =COUNTIF(K:AN,"박창민;") -> 0 | H67: 3 | O67: 임하린
A68: 채린 | B68: =COUNTIF(I:AL,"채린") -> 0 | C68: 배이준 | D68: =COUNTIF(K:AN,"배이준;") -> 3
A69: 최임이 | B69: =COUNTIF(I:AL,"최임이") -> 0 | C69: 임하령 | D69: =COUNTIF(K:AN,"임하령;") -> 0 | H69: 4 | O69: 정지원
A70: 김혜정 | B70: =COUNTIF(I:AL,"김혜정") -> 1 | C70: 이소영 | D70: =COUNTIF(K:AN,"이소영;") -> 1
C71: 이기찬 | D71: =COUNTIF(K:AN,"이기찬;") -> 1 | H71: 5 | K71: 초빈초연 | L71: 아름다움 | M71: 신하린 | O71: 초빈초연
C72: 채린 | D72: =COUNTIF(K:AN,"채린;") -> 0 | O72: 아름다움
H73: 6 | K73: 초빈초연; | L73: 아름다움;
K74: 배이준; | L74: 정지원;
H77: 7
A80: 민요개인 | C80: 민요단체 | D80: ; | E80: 장구단체 | F80: ] | H80: 4주차
A81: 우리인력 | B81: =COUNTIF(I:AL,"우리인력") -> 8 | C81: 고영숙 | D81: =COUNTIF(I:AL,"고영숙;") -> 7 | E81: 고영숙 | F81: =COUNTIF(I:AL,"고영숙]") -> 0 | I81: 22 | K81: 23 | M81: 24 | O81: 25 | Q81: 26 | S81: 27 | U81: 28
A82: 김혜숙 | B82: =COUNTIF(I:AL,"김혜숙") -> 9 | C82: 공하정 | D82: =COUNTIF(I:AL,"공하정;") -> 4 | E82: 공하정 | F82: =COUNTIF(I:AL,"공하정]") -> 0 | I82: 월 | K82: 화 | M82: 수 | O82: 목 | Q82: 금 | S82: 토 | U82: 일
A83: 배이준 | B83: =COUNTIF(I:AL,"배이준") -> 4 | C83: 김다정 | D83: =COUNTIF(I:AL,"김다정;") -> 0 | E83: 이소영 | F83: =COUNTIF(I:AL,"이소영]") -> 0 | H83: 10 | K83: 우리인력 | O83: 우리인력
A84: 신하린 | B84: =COUNTIF(I:AL,"신하린") -> 2 | C84: 김용 | D84: =COUNTIF(I:AL,"김용;") -> 4 | E84: 임하린 | F84: =COUNTIF(I:AL,"임하린]") -> 0
A85: 아름다움 | B85: =COUNTIF(I:AL,"아름다움") -> 7 | C85: 윤분숙 | D85: =COUNTIF(I:AL,"윤분숙;") -> 0 | H85: 11 | K85: 김혜숙 | O85: 김혜숙
A86: 이기찬 | B86: =COUNTIF(I:AL,"이기찬") -> 5 | C86: 이말직 | D86: =COUNTIF(I:AL,"이말직;") -> 0
A87: 초빈초연 | B87: =COUNTIF(I:AL,"초빈초연") -> 6 | C87: 최임이 | D87: =COUNTIF(I:AL,"최임이;") -> 2 | H87: 12 | Q87: 이기찬
A88: 이소영 | B88: =COUNTIF(I:AL,"이소영") -> 1 | C88: 김혜정 | D88: =COUNTIF(I:AL,"김혜정;") -> 1
A89: 임하령 | B89: =COUNTIF(I:AL,"임하령") -> 2 | C89: 임하린 | D89: =COUNTIF(K:AN,"임하린;") -> 2 | H89: 1 | K89: 최은실
A90: 임하린 | B90: =COUNTIF(I:AL,"임하린") -> 4 | C90: 정지원 | D90: =COUNTIF(K:AN,"정지원;") -> 2
A91: 정지원 | B91: =COUNTIF(I:AL,"정지원") -> 3 | C91: 초빈초연 | D91: =COUNTIF(K:AN,"초빈초연;") -> 4 | H91: 2
A92: 최은실 | B92: =COUNTIF(I:AL,"최은실") -> 2 | C92: 아름다움 | D92: =COUNTIF(K:AN,"아름다움;") -> 3
A93: 박창민 | B93: =COUNTIF(I:AL,"박창민") -> 0 | C93: 박창민 | D93: =COUNTIF(K:AN,"박창민;") -> 0 | H93: 3 | M93: 김용; | N93: 김혜정 | O93: 임하린
A94: 채린 | B94: =COUNTIF(I:AL,"채린") -> 0 | C94: 배이준 | D94: =COUNTIF(K:AN,"배이준;") -> 3 | M94: 고영숙; | N94: 공하정;
A95: 최임이 | B95: =COUNTIF(I:AL,"최임이") -> 0 | C95: 임하령 | D95: =COUNTIF(K:AN,"임하령;") -> 0 | H95: 4 | N95: 최임이; | O95: 정지원
A96: 김혜정 | B96: =COUNTIF(I:AL,"김혜정") -> 1 | C96: 이소영 | D96: =COUNTIF(K:AN,"이소영;") -> 1
C97: 이기찬 | D97: =COUNTIF(K:AN,"이기찬;") -> 1 | H97: 5 | O97: 아름다움
C98: 채린 | D98: =COUNTIF(K:AN,"채린;") -> 0 | O98: 초빈초연 | S98: 배이준
H99: 6 | M99: 이말진;
M100: 고영숙;
M101: 김혜정;
H103: 7
A107: 민요개인 | C107: 민요단체 | D107: ; | E107: 장구단체 | F107: ] | H107: 5주차
A108: 우리인력 | B108: =COUNTIF(I:AL,"우리인력") -> 8 | C108: 고영숙 | D108: =COUNTIF(I:AL,"고영숙;") -> 7 | E108: 고영숙 | F108: =COUNTIF(I:AL,"고영숙]") -> 0 | I108: 29 | K108: 30 | M108: 31
A109: 김혜숙 | B109: =COUNTIF(I:AL,"김혜숙") -> 9 | C109: 공하정 | D109: =COUNTIF(I:AL,"공하정;") -> 4 | E109: 공하정 | F109: =COUNTIF(I:AL,"공하정]") -> 0 | I109: 월 | K109: 화 | M109: 수
A110: 배이준 | B110: =COUNTIF(I:AL,"배이준") -> 4 | C110: 김다정 | D110: =COUNTIF(I:AL,"김다정;") -> 0 | E110: 이소영 | F110: =COUNTIF(I:AL,"이소영]") -> 0 | H110: 10
A111: 신하린 | B111: =COUNTIF(I:AL,"신하린") -> 2 | C111: 김용 | D111: =COUNTIF(I:AL,"김용;") -> 4 | E111: 임하린 | F111: =COUNTIF(I:AL,"임하린]") -> 0
A112: 아름다움 | B112: =COUNTIF(I:AL,"아름다움") -> 7 | C112: 윤분숙 | D112: =COUNTIF(I:AL,"윤분숙;") -> 0 | H112: 11 | K112: 김혜숙
A113: 이기찬 | B113: =COUNTIF(I:AL,"이기찬") -> 5 | C113: 이말직 | D113: =COUNTIF(I:AL,"이말직;") -> 0
A114: 초빈초연 | B114: =COUNTIF(I:AL,"초빈초연") -> 6 | C114: 최임이 | D114: =COUNTIF(I:AL,"최임이;") -> 2 | H114: 12
A115: 이소영 | B115: =COUNTIF(I:AL,"이소영") -> 1
A116: 임하령 | B116: =COUNTIF(I:AL,"임하령") -> 2 | C116: 임하린 | D116: =COUNTIF(K:AN,"임하린;") -> 2 | H116: 1
...

Sheet 24년2월
A1: 민요개인 | C1: 민요단체 | D1: ; | E1: 장구단체 | F1: ] | H1: 1주차
A2: 우리인력 | B2: =COUNTIF(I:AL,"우리인력") -> 5 | C2: 고영숙 | D2: =COUNTIF(I:AL,"고영숙;") -> 5 | E2: 고영숙 | F2: =COUNTIF(I:AL,"고영숙]") -> 0 | I2: 1 | K2: 2 | M2: 3 | O2: 4 | Q2: 5 | S2: 6 | U2: 7 | W2: 11
A3: 김혜숙 | B3: =COUNTIF(I:AL,"김혜숙") -> 0 | C3: 공하정 | D3: =COUNTIF(I:AL,"공하정;") -> 1 | E3: 공하정 | F3: =COUNTIF(I:AL,"공하정]") -> 0 | I3: 목 | K3: 금 | M3: 토 | O3: 일 | Q3: 월 | S3: 화 | U3: 수 | W3: 일
A4: 배이준 | B4: =COUNTIF(I:AL,"배이준") -> 3 | C4: 김다정 | D4: =COUNTIF(I:AL,"김다정;") -> 0 | E4: 소영하린 | F4: =COUNTIF(I:AL,"소영하린]") -> 2 | H4: 10 | I4: 우리인력
A5: 신하린 | B5: =COUNTIF(I:AL,"신하린") -> 2 | C5: 김용 | D5: =COUNTIF(I:AL,"김용;") -> 3
A6: 아름다움 | B6: =COUNTIF(I:AL,"아름다움") -> 0 | C6: 윤분숙 | D6: =COUNTIF(I:AL,"윤분숙;") -> 4 | H6: 11 | K6: 이기찬
A7: 이기찬 | B7: =COUNTIF(I:AL,"이기찬") -> 3 | C7: 이말진 | D7: =COUNTIF(I:AL,"이말진;") -> 0
A8: 초연 | B8: =COUNTIF(I:AL,"초연") -> 0 | C8: 최임이 | D8: =COUNTIF(I:AL,"최임이;") -> 3 | H8: 12 | M8: 배이준
A9: 이소영 | B9: =COUNTIF(I:AL,"이소영") -> 5 | C9: 김혜정 | D9: =COUNTIF(I:AL,"김혜정;") -> 0
A10: 임하령 | B10: =COUNTIF(I:AL,"임하령") -> 0 | H10: 1
A11: 임하린 | B11: =COUNTIF(I:AL,"임하린") -> 4 | C11: 임하린 | D11: =COUNTIF(K:AN,"임하린;") -> 3
A12: 정지원 | B12: =COUNTIF(I:AL,"정지원") -> 3 | C12: 정지원 | D12: =COUNTIF(K:AN,"정지원;") -> 3 | H12: 2 | I12: 임하린
A13: 최은실 | B13: =COUNTIF(I:AL,"최은실") -> 0 | C13: 초연 | D13: =COUNTIF(K:AN,"초연;") -> 0
A14: 박창민 | B14: =COUNTIF(I:AL,"박창민") -> 0 | C14: 아름다움 | D14: =COUNTIF(K:AN,"아름다움;") -> 0 | H14: 3 | Q14: 박사랑 | S14: 이소영 | U14: 고영숙; | V14: 윤분숙;
A15: 채린 | B15: =COUNTIF(I:AL,"채린") -> 0 | C15: 박창민 | D15: =COUNTIF(K:AN,"박창민;") -> 0 | U15: 최임이;
A16: 최임이 | B16: =COUNTIF(I:AL,"최임이") -> 0 | C16: 배이준 | D16: =COUNTIF(K:AN,"배이준;") -> 3 | H16: 4
A17: 김혜정 | B17: =COUNTIF(I:AL,"김혜정") -> 0 | C17: 임하령 | D17: =COUNTIF(K:AN,"임하령;") -> 0
A18: 박사랑 | B18: =COUNTIF(I:AL,"박사랑") -> 4 | C18: 이소영 | D18: =COUNTIF(K:AN,"이소영;") -> 2 | H18: 5 | U18: 신하린
A19: 신정인 | B19: =COUNTIF(I:AL,"신정인") -> 3 | C19: 이기찬 | D19: =COUNTIF(K:AN,"이기찬;") -> 3
H20: 6 | S20: 이소영; | T20: 정지원; | U20: 공하정;
S21: 임하린;
S22: 배이준;
S23: 이기찬;
H24: 7
H28: 2주차
A29: 민요개인 | C29: 민요단체 | D29: ; | E29: 장구단체 | F29: ] | I29: 12 | K29: 13 | M29: 14 | O29: 15 | Q29: 16 | S29: 17 | U29: 18
A30: 우리인력 | B30: =COUNTIF(I:AL,"우리인력") -> 5 | C30: 고영숙 | D30: =COUNTIF(I:AL,"고영숙;") -> 5 | E30: 고영숙 | F30: =COUNTIF(I:AL,"고영숙]") -> 0 | I30: 월 | K30: 화 | M30: 수 | O30: 목 | Q30: 금 | S30: 토 | U30: 일
A31: 김혜숙 | B31: =COUNTIF(I:AL,"김혜숙") -> 0 | C31: 공하정 | D31: =COUNTIF(I:AL,"공하정;") -> 1 | E31: 공하정 | F31: =COUNTIF(I:AL,"공하정]") -> 0 | H31: 10
A32: 배이준 | B32: =COUNTIF(I:AL,"배이준") -> 3 | C32: 김다정 | D32: =COUNTIF(I:AL,"김다정;") -> 0 | E32: 소영하린 | F32: =COUNTIF(I:AL,"소영하린]") -> 2
A33: 신하린 | B33: =COUNTIF(I:AL,"신하린") -> 2 | C33: 김용 | D33: =COUNTIF(I:AL,"김용;") -> 3 | H33: 11 | Q33: 이기찬
A34: 아름다움 | B34: =COUNTIF(I:AL,"아름다움") -> 0 | C34: 윤분숙 | D34: =COUNTIF(I:AL,"윤분숙;") -> 4
A35: 이기찬 | B35: =COUNTIF(I:AL,"이기찬") -> 3 | C35: 이말진 | D35: =COUNTIF(I:AL,"이말진;") -> 0 | H35: 12 | S35: 배이준
A36: 초연 | B36: =COUNTIF(I:AL,"초연") -> 0 | C36: 최임이 | D36: =COUNTIF(I:AL,"최임이;") -> 3
A37: 이소영 | B37: =COUNTIF(I:AL,"이소영") -> 5 | C37: 김혜정 | D37: =COUNTIF(I:AL,"김혜정;") -> 0 | H37: 1 | Q37: 이소영
A38: 임하령 | B38: =COUNTIF(I:AL,"임하령") -> 0
A39: 임하린 | B39: =COUNTIF(I:AL,"임하린") -> 4 | C39: 임하린 | D39: =COUNTIF(K:AN,"임하린;") -> 3 | H39: 2 | K39: 이소영 | O39: 임하린
A40: 정지원 | B40: =COUNTIF(I:AL,"정지원") -> 3 | C40: 정지원 | D40: =COUNTIF(K:AN,"정지원;") -> 3
A41: 최은실 | B41: =COUNTIF(I:AL,"최은실") -> 0 | C41: 초연 | D41: =COUNTIF(K:AN,"초연;") -> 0 | H41: 3 | M41: 김용; | N41: 윤분숙; | O41: 정지원
A42: 박창민 | B42: =COUNTIF(I:AL,"박창민") -> 0 | C42: 아름다움 | D42: =COUNTIF(K:AN,"아름다움;") -> 0 | M42: 고영숙; | N42: 최임이;
A43: 채린 | B43: =COUNTIF(I:AL,"채린") -> 0 | C43: 박창민 | D43: =COUNTIF(K:AN,"박창민;") -> 0 | H43: 4 | K43: 박사랑
A44: 최임이 | B44: =COUNTIF(I:AL,"최임이") -> 0 | C44: 배이준 | D44: =COUNTIF(K:AN,"배이준;") -> 3
A45: 김혜정 | B45: =COUNTIF(I:AL,"김혜정") -> 0 | C45: 임하령 | D45: =COUNTIF(K:AN,"임하령;") -> 0 | H45: 5
A46: 박사랑 | B46: =COUNTIF(I:AL,"박사랑") -> 4 | C46: 이소영 | D46: =COUNTIF(K:AN,"이소영;") -> 2
A47: 신정인 | B47: =COUNTIF(I:AL,"신정인") -> 3 | C47: 이기찬 | D47: =COUNTIF(K:AN,"이기찬;") -> 3 | H47: 6 | K47: 임하린; | L47: 정지원;
K48: 이소영;
K49: 배이준;
K50: 이기찬;
H51: 7 | M51: 정가
H55: 3주차
A56: 민요개인 | C56: 민요단체 | D56: ; | E56: 장구단체 | F56: ] | I56: 19 | K56: 20 | M56: 21 | O56: 22 | Q56: 23 | S56: 24 | U56: 25
A57: 우리인력 | B57: =COUNTIF(I:AL,"우리인력") -> 5 | C57: 고영숙 | D57: =COUNTIF(I:AL,"고영숙;") -> 5 | E57: 고영숙 | F57: =COUNTIF(I:AL,"고영숙]") -> 0 | I57: 월 | K57: 화 | M57: 수 | O57: 목 | Q57: 금 | S57: 토 | U57: 일
A58: 김혜숙 | B58: =COUNTIF(I:AL,"김혜숙") -> 0 | C58: 공하정 | D58: =COUNTIF(I:AL,"공하정;") -> 1 | E58: 공하정 | F58: =COUNTIF(I:AL,"공하정]") -> 0 | H58: 10 | I58: 우리인력 | O58: 우리인력
A59: 배이준 | B59: =COUNTIF(I:AL,"배이준") -> 3 | C59: 김다정 | D59: =COUNTIF(I:AL,"김다정;") -> 0 | E59: 소영하린 | F59: =COUNTIF(I:AL,"소영하린]") -> 2
A60: 신하린 | B60: =COUNTIF(I:AL,"신하린") -> 2 | C60: 김용 | D60: =COUNTIF(I:AL,"김용;") -> 3 | H60: 11 | Q60: 신정인 | S60: 배이준
A61: 아름다움 | B61: =COUNTIF(I:AL,"아름다움") -> 0 | C61: 윤분숙 | D61: =COUNTIF(I:AL,"윤분숙;") -> 4
A62: 이기찬 | B62: =COUNTIF(I:AL,"이기찬") -> 3 | C62: 이말진 | D62: =COUNTIF(I:AL,"이말진;") -> 0 | H62: 12
A63: 초연 | B63: =COUNTIF(I:AL,"초연") -> 0 | C63: 최임이 | D63: =COUNTIF(I:AL,"최임이;") -> 3
A64: 이소영 | B64: =COUNTIF(I:AL,"이소영") -> 5 | C64: 김혜정 | D64: =COUNTIF(I:AL,"김혜정;") -> 0 | H64: 1 | K64: 이소영
A65: 임하령 | B65: =COUNTIF(I:AL,"임하령") -> 0
A66: 임하린 | B66: =COUNTIF(I:AL,"임하린") -> 4 | C66: 임하린 | D66: =COUNTIF(K:AN,"임하린;") -> 3 | H66: 2 | K66: 소영하린] | M66: 신정인
A67: 정지원 | B67: =COUNTIF(I:AL,"정지원") -> 3 | C67: 정지원 | D67: =COUNTIF(K:AN,"정지원;") -> 3
A68: 최은실 | B68: =COUNTIF(I:AL,"최은실") -> 0 | C68: 초연 | D68: =COUNTIF(K:AN,"초연;") -> 0 | H68: 3 | I68: 박사랑 | M68: 김용; | N68: 윤분숙; | O68: 임하린
A69: 박창민 | B69: =COUNTIF(I:AL,"박창민") -> 0 | C69: 아름다움 | D69: =COUNTIF(K:AN,"아름다움;") -> 0 | M69: 고영숙; | N69: 최임이;
A70: 채린 | B70: =COUNTIF(I:AL,"채린") -> 0 | C70: 박창민 | D70: =COUNTIF(K:AN,"박창민;") -> 0 | H70: 4 | O70: 정지원
A71: 최임이 | B71: =COUNTIF(I:AL,"최임이") -> 0 | C71: 배이준 | D71: =COUNTIF(K:AN,"배이준;") -> 3
A72: 김혜정 | B72: =COUNTIF(I:AL,"김혜정") -> 0 | C72: 임하령 | D72: =COUNTIF(K:AN,"임하령;") -> 0 | H72: 5 | M72: 신하린
A73: 박사랑 | B73: =COUNTIF(I:AL,"박사랑") -> 4 | C73: 이소영 | D73: =COUNTIF(K:AN,"이소영;") -> 2
A74: 신정인 | B74: =COUNTIF(I:AL,"신정인") -> 3 | C74: 이기찬 | D74: =COUNTIF(K:AN,"이기찬;") -> 3 | H74: 6 | M74: 신하린;
M75: 고영숙;
M76: 이말직;
H78: 7
A84: 민요개인 | C84: 민요단체 | D84: ; | E84: 장구단체 | F84: ] | H84: 4주차
A85: 우리인력 | B85: =COUNTIF(I:AL,"우리인력") -> 5 | C85: 고영숙 | D85: =COUNTIF(I:AL,"고영숙;") -> 5 | E85: 고영숙 | F85: =COUNTIF(I:AL,"고영숙]") -> 0 | I85: 26 | K85: 27 | M85: 28 | O85: 29
A86: 김혜숙 | B86: =COUNTIF(I:AL,"김혜숙") -> 0 | C86: 공하정 | D86: =COUNTIF(I:AL,"공하정;") -> 1 | E86: 공하정 | F86: =COUNTIF(I:AL,"공하정]") -> 0 | I86: 월 | K86: 화 | M86: 수 | O86: 목
A87: 배이준 | B87: =COUNTIF(I:AL,"배이준") -> 3 | C87: 김다정 | D87: =COUNTIF(I:AL,"김다정;") -> 0 | E87: 소영하린 | F87: =COUNTIF(I:AL,"소영하린]") -> 2 | H87: 10 | I87: 우리인력 | O87: 우리인력
A88: 신하린 | B88: =COUNTIF(I:AL,"신하린") -> 2 | C88: 김용 | D88: =COUNTIF(I:AL,"김용;") -> 3
A89: 아름다움 | B89: =COUNTIF(I:AL,"아름다움") -> 0 | C89: 윤분숙 | D89: =COUNTIF(I:AL,"윤분숙;") -> 4 | H89: 11 | K89: 박사랑 | M89: 신정인
A90: 이기찬 | B90: =COUNTIF(I:AL,"이기찬") -> 3 | C90: 이말진 | D90: =COUNTIF(I:AL,"이말진;") -> 0
A91: 초연 | B91: =COUNTIF(I:AL,"초연") -> 0 | C91: 최임이 | D91: =COUNTIF(I:AL,"최임이;") -> 3 | H91: 12
A92: 이소영 | B92: =COUNTIF(I:AL,"이소영") -> 5 | C92: 김혜정 | D92: =COUNTIF(I:AL,"김혜정;") -> 0
A93: 임하령 | B93: =COUNTIF(I:AL,"임하령") -> 0 | H93: 1 | I93: 구로
A94: 임하린 | B94: =COUNTIF(I:AL,"임하린") -> 4 | C94: 임하린 | D94: =COUNTIF(K:AN,"임하린;") -> 3
A95: 정지원 | B95: =COUNTIF(I:AL,"정지원") -> 3 | C95: 정지원 | D95: =COUNTIF(K:AN,"정지원;") -> 3 | H95: 2 | K95: 이소영 | O95: 임하린
A96: 최은실 | B96: =COUNTIF(I:AL,"최은실") -> 0 | C96: 초연 | D96: =COUNTIF(K:AN,"초연;") -> 0 | K96: 이기찬
A97: 박창민 | B97: =COUNTIF(I:AL,"박창민") -> 0 | C97: 아름다움 | D97: =COUNTIF(K:AN,"아름다움;") -> 0 | H97: 3 | K97: 소영하린] | O97: 정지원
A98: 채린 | B98: =COUNTIF(I:AL,"채린") -> 0 | C98: 박창민 | D98: =COUNTIF(K:AN,"박창민;") -> 0
A99: 최임이 | B99: =COUNTIF(I:AL,"최임이") -> 0 | C99: 배이준 | D99: =COUNTIF(K:AN,"배이준;") -> 3 | H99: 4 | M99: 고영숙; | N99: 윤분숙;
A100: 김혜정 | B100: =COUNTIF(I:AL,"김혜정") -> 0 | C100: 임하령 | D100: =COUNTIF(K:AN,"임하령;") -> 0 | M100: 김용; | N100: 채임이;
A101: 박사랑 | B101: =COUNTIF(I:AL,"박사랑") -> 4 | C101: 이소영 | D101: =COUNTIF(K:AN,"이소영;") -> 2 | H101: 5
A102: 신정인 | B102: =COUNTIF(I:AL,"신정인") -> 3 | C102: 이기찬 | D102: =COUNTIF(K:AN,"이기찬;") -> 3
H103: 6 | K103: 이소영; | L103: 임하린;
K104: 이기찬; | L104: 배이준;
K105: 정지원;
H107: 7 | M107: 정가

Sheet 24년3월
A1: 개인 | C1: 단체 | D1: ; | E1: 심화 | F1: ] | H1: 1주차
A2: 구로 | B2: =COUNTIF(I:AL,"구로") -> 4 | C2: 고영숙 | D2: =COUNTIF(I:AL,"고영숙;") -> 4 | E2: 이소영 | F2: =COUNTIF(I:AL,"이소영]") -> 4 | I2: 1 | K2: 2 | M2: 3 | O2: 4 | Q2: 5 | S2: 6 | U2: 7 | W2: 8 | Y2: 9 | AA2: 10
A3: 우리인력 | B3: =COUNTIF(I:AL,"우리인력") -> 4 | C3: 김용 | D3: =COUNTIF(I:AL,"김용;") -> 4 | E3: 소영하린 | F3: =COUNTIF(I:AL,"소영하린]") -> 4 | I3: 금 | K3: 토 | M3: 일 | O3: 월 | Q3: 화 | S3: 수 | U3: 목 | W3: 금 | Y3: 토 | AA3: 일
A4: 박사랑 | B4: =COUNTIF(I:AL,"박사랑") -> 4 | C4: 윤분숙 | D4: =COUNTIF(I:AL,"윤분숙;") -> 4 | H4: 10
A5: 이소영 | B5: =COUNTIF(I:AL,"이소영") -> 4 | C5: 최임이 | D5: =COUNTIF(I:AL,"최임이;") -> 4
A6: 임하린 | B6: =COUNTIF(I:AL,"임하린") -> 4 | C6: 이말진 | D6: =COUNTIF(I:AL,"이말진;") -> 3 | H6: 11 | Q6: 박사랑
A7: 정지원 | B7: =COUNTIF(I:AL,"정지원") -> 4 | C7: 김인애 | D7: =COUNTIF(I:AL,"김인애;") -> 4
A8: 이기찬 | B8: =COUNTIF(I:AL,"이기찬") -> 3 | C8: 석경남 | D8: =COUNTIF(I:AL,"석경남;") -> 5 | H8: 12
A9: 배이준 | B9: =COUNTIF(I:AL,"배이준") -> 3 | C9: 윤미호 | D9: =COUNTIF(I:AL,"윤미호;") -> 4
A10: 신정인 | B10: =COUNTIF(I:AL,"신정인") -> 2 | C10: 김견희 | D10: =COUNTIF(I:AL,"김견희;") -> 4 | H10: 1 | O10: 구로
A11: 변이서 | B11: =COUNTIF(I:AL,"변이서") -> 4 | C11: 박상혜 | D11: =COUNTIF(I:AL,"박상혜;") -> 2
A12: 박창민 | B12: =COUNTIF(I:AL,"박창민") -> 4 | C12: 신하린 | D12: =COUNTIF(I:AL,"신하린;") -> 1 | H12: 2 | Q12: 이소영
A13: 정윤후 | B13: =COUNTIF(I:AL,"정윤후") -> 3 | C13: 김혜정 | D13: =COUNTIF(I:AL,"김혜정;") -> 1
A14: 이순희 | B14: =COUNTIF(M:AP,"이순희") -> 2 | H14: 3 | Q14: 소영하린] | S14: 고영숙; | T14: 최임이; | U14: 임하린 | W14: 박창민
S15: 윤분숙; | T15: 김용;
H16: 4 | U16: 정지원 | W16: 변이서 | Y16: 배이준
C18: 공하정 | D18: =COUNTIF(I:AL,"공하정;") -> 0 | H18: 5 | Q18: 이기찬 | Y18: 이소영]
C19: 임하린 | D19: =COUNTIF(K:AN,"임하린;") -> 4
C20: 정지원 | D20: =COUNTIF(K:AN,"정지원;") -> 4 | H20: 6 | Q20: 이소영; | R20: 정지원; | S20: 이말진;
C21: 배이준 | D21: =COUNTIF(K:AN,"배이준;") -> 3 | Q21: 임하린; | R21: 이기찬;
C22: 이소영 | D22: =COUNTIF(K:AN,"이소영;") -> 4 | Q22: 배이준;
C23: 이기찬 | D23: =COUNTIF(K:AN,"이기찬;") -> 3
A24: 최은실 | B24: =COUNTIF(I:AL,"최은실") -> 0 | C24: 박창민 | D24: =COUNTIF(K:AN,"박창민;") -> 0 | H24: 7
A25: 김혜숙 | B25: =COUNTIF(I:AL,"김혜숙") -> 0
A28: 개인 | C28: 단체 | D28: ; | E28: 심화 | F28: ] | H28: 2주차
A29: 구로 | B29: =COUNTIF(I:AL,"구로") -> 4 | C29: 고영숙 | D29: =COUNTIF(I:AL,"고영숙;") -> 4 | E29: 이소영 | F29: =COUNTIF(I:AL,"이소영]") -> 4 | I29: 11 | K29: 12 | M29: 13 | O29: 14 | Q29: 15 | S29: 16 | U29: 17
A30: 우리인력 | B30: =COUNTIF(I:AL,"우리인력") -> 4 | C30: 김용 | D30: =COUNTIF(I:AL,"김용;") -> 4 | E30: 소영하린 | F30: =COUNTIF(I:AL,"소영하린]") -> 4 | I30: 월 | K30: 화 | M30: 수 | O30: 목 | Q30: 금 | S30: 토 | U30: 일
A31: 박사랑 | B31: =COUNTIF(I:AL,"박사랑") -> 4 | C31: 윤분숙 | D31: =COUNTIF(I:AL,"윤분숙;") -> 4 | H31: 10 | I31: 우리인력 | O31: 우리인력 | Q31: 김인애; | R31: 석경남;
A32: 이소영 | B32: =COUNTIF(I:AL,"이소영") -> 4 | C32: 최임이 | D32: =COUNTIF(I:AL,"최임이;") -> 4
A33: 임하린 | B33: =COUNTIF(I:AL,"임하린") -> 4 | C33: 이말진 | D33: =COUNTIF(I:AL,"이말진;") -> 3 | H33: 11 | M33: 신정인
A34: 정지원 | B34: =COUNTIF(I:AL,"정지원") -> 4 | C34: 김인애 | D34: =COUNTIF(I:AL,"김인애;") -> 4
A35: 이기찬 | B35: =COUNTIF(I:AL,"이기찬") -> 3 | C35: 석경남 | D35: =COUNTIF(I:AL,"석경남;") -> 5 | H35: 12 | M35: 변이서
A36: 배이준 | B36: =COUNTIF(I:AL,"배이준") -> 3 | C36: 윤미호 | D36: =COUNTIF(I:AL,"윤미호;") -> 4
A37: 신정인 | B37: =COUNTIF(I:AL,"신정인") -> 2 | C37: 김견희 | D37: =COUNTIF(I:AL,"김견희;") -> 4 | H37: 1 | I37: 구로 | Q37: 배이준
A38: 변이서 | B38: =COUNTIF(I:AL,"변이서") -> 4 | C38: 박상혜 | D38: =COUNTIF(I:AL,"박상혜;") -> 2
A39: 박창민 | B39: =COUNTIF(I:AL,"박창민") -> 4 | C39: 신하린 | D39: =COUNTIF(I:AL,"신하린;") -> 1 | H39: 2 | K39: 이소영 | Q39: 박창민 | S39: 이소영]
A40: 정윤후 | B40: =COUNTIF(I:AL,"정윤후") -> 3 | C40: 김혜정 | D40: =COUNTIF(I:AL,"김혜정;") -> 1
A41: 이순희 | B41: =COUNTIF(M:AP,"이순희") -> 2 | H41: 3 | K41: 소영하린] | M41: 고영숙; | N41: 최임이; | O41: 임하린 | S41: 윤미호; | T41: 김견희;
M42: 윤분숙; | N42: 김용;
H43: 4 | I43: 박사랑 | K43: 이기찬 | M43: 김인애; | N43: 석경남; | O43: 정지원 | S43: 정윤후
C45: 공하정 | D45: =COUNTIF(I:AL,"공하정;") -> 0 | H45: 5 | Q45: 이순희
C46: 임하린 | D46: =COUNTIF(K:AN,"임하린;") -> 4
C47: 정지원 | D47: =COUNTIF(K:AN,"정지원;") -> 4 | H47: 6 | K47: 이소영; | L47: 정지원;
C48: 배이준 | D48: =COUNTIF(K:AN,"배이준;") -> 3 | K48: 임하린; | L48: 이기찬;
C49: 이소영 | D49: =COUNTIF(K:AN,"이소영;") -> 4 | K49: 배이준;
C50: 이기찬 | D50: =COUNTIF(K:AN,"이기찬;") -> 3
A51: 최은실 | B51: =COUNTIF(I:AL,"최은실") -> 0 | C51: 박창민 | D51: =COUNTIF(K:AN,"박창민;") -> 0 | H51: 7
A52: 김혜숙 | B52: =COUNTIF(I:AL,"김혜숙") -> 0
A56: 개인 | C56: 단체 | D56: ; | E56: 심화 | F56: ] | H56: 3주차
A57: 구로 | B57: =COUNTIF(I:AL,"구로") -> 4 | C57: 고영숙 | D57: =COUNTIF(I:AL,"고영숙;") -> 4 | E57: 이소영 | F57: =COUNTIF(I:AL,"이소영]") -> 4 | I57: 18 | K57: 19 | M57: 20 | O57: 21 | Q57: 22 | S57: 23 | U57: 24
A58: 우리인력 | B58: =COUNTIF(I:AL,"우리인력") -> 4 | C58: 김용 | D58: =COUNTIF(I:AL,"김용;") -> 4 | E58: 소영하린 | F58: =COUNTIF(I:AL,"소영하린]") -> 4 | I58: 월 | K58: 화 | M58: 수 | O58: 목 | Q58: 금 | S58: 토 | U58: 일
A59: 박사랑 | B59: =COUNTIF(I:AL,"박사랑") -> 4 | C59: 윤분숙 | D59: =COUNTIF(I:AL,"윤분숙;") -> 4 | H59: 10 | I59: 우리인력 | Q59: 석경남;
A60: 이소영 | B60: =COUNTIF(I:AL,"이소영") -> 4 | C60: 최임이 | D60: =COUNTIF(I:AL,"최임이;") -> 4
A61: 임하린 | B61: =COUNTIF(I:AL,"임하린") -> 4 | C61: 이말진 | D61: =COUNTIF(I:AL,"이말진;") -> 3 | H61: 11
A62: 정지원 | B62: =COUNTIF(I:AL,"정지원") -> 4 | C62: 김인애 | D62: =COUNTIF(I:AL,"김인애;") -> 4
A63: 이기찬 | B63: =COUNTIF(I:AL,"이기찬") -> 3 | C63: 석경남 | D63: =COUNTIF(I:AL,"석경남;") -> 5 | H63: 12 | I63: 무용
A64: 배이준 | B64: =COUNTIF(I:AL,"배이준") -> 3 | C64: 윤미호 | D64: =COUNTIF(I:AL,"윤미호;") -> 4
A65: 신정인 | B65: =COUNTIF(I:AL,"신정인") -> 2 | C65: 김견희 | D65: =COUNTIF(I:AL,"김견희;") -> 4 | H65: 1 | I65: 구로 | S65: 이기찬
A66: 변이서 | B66: =COUNTIF(I:AL,"변이서") -> 4 | C66: 박상혜 | D66: =COUNTIF(I:AL,"박상혜;") -> 2
A67: 박창민 | B67: =COUNTIF(I:AL,"박창민") -> 4 | C67: 신하린 | D67: =COUNTIF(I:AL,"신하린;") -> 1 | H67: 2 | K67: 박창민 | S67: 이소영]
A68: 정윤후 | B68: =COUNTIF(I:AL,"정윤후") -> 3 | C68: 김혜정 | D68: =COUNTIF(I:AL,"김혜정;") -> 1
A69: 이순희 | B69: =COUNTIF(M:AP,"이순희") -> 2 | H69: 3 | K69: 이소영 | M69: 고영숙; | N69: 최임이; | O69: 임하린
M70: 윤분숙; | N70: 김용;
H71: 4 | I71: 박사랑 | K71: 소영하린] | M71: 김인애; | N71: 석경남; | S71: 정윤후
M72: 윤미호; | N72: 김견희;
C73: 공하정 | D73: =COUNTIF(I:AL,"공하정;") -> 0 | H73: 5 | I73: 변이서 | M73: 신하린; | N73: 박상혜; | O73: 정지원 | S73: 배이준
C74: 임하린 | D74: =COUNTIF(K:AN,"임하린;") -> 4 | M74: 이말진;
C75: 정지원 | D75: =COUNTIF(K:AN,"정지원;") -> 4 | H75: 6 | K75: 이소영; | L75: 정지원;
C76: 배이준 | D76: =COUNTIF(K:AN,"배이준;") -> 3 | K76: 임하린; | L76: 배이준;
C77: 이소영 | D77: =COUNTIF(K:AN,"이소영;") -> 4
C78: 이기찬 | D78: =COUNTIF(K:AN,"이기찬;") -> 3
A79: 최은실 | B79: =COUNTIF(I:AL,"최은실") -> 0 | C79: 박창민 | D79: =COUNTIF(K:AN,"박창민;") -> 0 | H79: 7 | M79: 정가
A80: 김혜숙 | B80: =COUNTIF(I:AL,"김혜숙") -> 0
A84: 개인 | C84: 단체 | D84: ; | E84: 심화 | F84: ] | H84: 4주차
A85: 구로 | B85: =COUNTIF(I:AL,"구로") -> 4 | C85: 고영숙 | D85: =COUNTIF(I:AL,"고영숙;") -> 4 | E85: 이소영 | F85: =COUNTIF(I:AL,"이소영]") -> 4 | I85: 25 | K85: 26 | M85: 27 | O85: 28 | Q85: 29 | S85: 30 | U85: 31
A86: 우리인력 | B86: =COUNTIF(I:AL,"우리인력") -> 4 | C86: 김용 | D86: =COUNTIF(I:AL,"김용;") -> 4 | E86: 소영하린 | F86: =COUNTIF(I:AL,"소영하린]") -> 4 | I86: 월 | K86: 화 | M86: 수 | O86: 목 | Q86: 금 | S86: 토 | U86: 일
A87: 박사랑 | B87: =COUNTIF(I:AL,"박사랑") -> 4 | C87: 윤분숙 | D87: =COUNTIF(I:AL,"윤분숙;") -> 4 | H87: 10 | I87: 우리인력
A88: 이소영 | B88: =COUNTIF(I:AL,"이소영") -> 4 | C88: 최임이 | D88: =COUNTIF(I:AL,"최임이;") -> 4
A89: 임하린 | B89: =COUNTIF(I:AL,"임하린") -> 4 | C89: 이말진 | D89: =COUNTIF(I:AL,"이말진;") -> 3 | H89: 11
A90: 정지원 | B90: =COUNTIF(I:AL,"정지원") -> 4 | C90: 김인애 | D90: =COUNTIF(I:AL,"김인애;") -> 4
A91: 이기찬 | B91: =COUNTIF(I:AL,"이기찬") -> 3 | C91: 석경남 | D91: =COUNTIF(I:AL,"석경남;") -> 5 | H91: 12
A92: 배이준 | B92: =COUNTIF(I:AL,"배이준") -> 3 | C92: 윤미호 | D92: =COUNTIF(I:AL,"윤미호;") -> 4
A93: 신정인 | B93: =COUNTIF(I:AL,"신정인") -> 2 | C93: 김견희 | D93: =COUNTIF(I:AL,"김견희;") -> 4 | H93: 1 | I93: 구로
A94: 변이서 | B94: =COUNTIF(I:AL,"변이서") -> 4 | C94: 박상혜 | D94: =COUNTIF(I:AL,"박상혜;") -> 2
A95: 박창민 | B95: =COUNTIF(I:AL,"박창민") -> 4 | C95: 신하린 | D95: =COUNTIF(I:AL,"신하린;") -> 1 | H95: 2 | M95: 변이서 | O95: 신정인 | Q95: 박창민 | S95: 이소영]
A96: 정윤후 | B96: =COUNTIF(I:AL,"정윤후") -> 3 | C96: 김혜정 | D96: =COUNTIF(I:AL,"김혜정;") -> 1
A97: 이순희 | B97: =COUNTIF(M:AP,"이순희") -> 2 | H97: 3 | K97: 이소영 | M97: 고영숙; | N97: 최임이; | O97: 임하린
M98: 윤분숙; | N98: 김용;
H99: 4 | I99: 박사랑 | K99: 소영하린] | M99: 김인애; | N99: 석경남; | S99: 정윤후
M100: 윤미호; | N100: 김견희;
C101: 공하정 | D101: =COUNTIF(I:AL,"공하정;") -> 0 | H101: 5 | M101: 김혜정; | N101: 박상혜; | O101: 정지원 | Q101: 이순희
C102: 임하린 | D102: =COUNTIF(K:AN,"임하린;") -> 4 | M102: 이말진;
C103: 정지원 | D103: =COUNTIF(K:AN,"정지원;") -> 4 | H103: 6 | K103: 이소영; | L103: 정지원; | O103: 윤미호; | P103: 김견희;
C104: 배이준 | D104: =COUNTIF(K:AN,"배이준;") -> 3 | K104: 임하린; | L104: 이기찬;
C105: 이소영 | D105: =COUNTIF(K:AN,"이소영;") -> 4
C106: 이기찬 | D106: =COUNTIF(K:AN,"이기찬;") -> 3
A107: 최은실 | B107: =COUNTIF(I:AL,"최은실") -> 0 | C107: 박창민 | D107: =COUNTIF(K:AN,"박창민;") -> 0 | H107: 7 | M107: 정가
A108: 김혜숙 | B108: =COUNTIF(I:AL,"김혜숙") -> 0

Sheet 24년4월
A1: 개인 | C1: 단체 | D1: ; | E1: 심화 | F1: ] | H1: 1주차
A2: 구로 | B2: =COUNTIF(I:AL,"구로") -> 3 | C2: 고영숙 | D2: =COUNTIF(I:AL,"고영숙;") -> 4 | E2: 이소영 | F2: =COUNTIF(I:AL,"이소영]") -> 2 | I2: 1 | K2: 2 | M2: 3 | O2: 4 | Q2: 5 | S2: 6 | U2: 7
A3: 우리인력 | B3: =COUNTIF(I:AL,"우리인력") -> 5 | C3: 김용 | D3: =COUNTIF(I:AL,"김용;") -> 4 | E3: 소영하린 | F3: =COUNTIF(I:AL,"소영하린]") -> 3 | I3: 월 | K3: 화 | M3: 수 | O3: 목 | Q3: 금 | S3: 토 | U3: 일
A4: 박사랑 | B4: =COUNTIF(I:AL,"박사랑") -> 6 | C4: 윤분숙 | D4: =COUNTIF(I:AL,"윤분숙;") -> 1 | E4: 이말진 | F4: =COUNTIF(I:AL,"이말진]") -> 1 | H4: 10 | I4: 우리인력 | O4: 우리인력
A5: 이소영 | B5: =COUNTIF(I:AL,"이소영") -> 5 | C5: 최임이 | D5: =COUNTIF(I:AL,"최임이;") -> 4 | E5: 변이서 | F5: =COUNTIF(I:AL,"변이서]") -> 0
A6: 임하린 | B6: =COUNTIF(I:AL,"임하린") -> 4 | C6: 이말진 | D6: =COUNTIF(I:AL,"이말진;") -> 4 | H6: 11
A7: 정지원 | B7: =COUNTIF(I:AL,"정지원") -> 4 | C7: 김인애 | D7: =COUNTIF(I:AL,"김인애;") -> 3
A8: 이기찬 | B8: =COUNTIF(I:AL,"이기찬") -> 5 | C8: 석경남 | D8: =COUNTIF(I:AL,"석경남;") -> 4 | H8: 12
A9: 배이준 | B9: =COUNTIF(I:AL,"배이준") -> 2 | C9: 박상혜 | D9: =COUNTIF(I:AL,"박상혜;") -> 4
A10: 신정인 | B10: =COUNTIF(I:AL,"신정인") -> 2 | C10: 신하린 | D10: =COUNTIF(I:AL,"신하린;") -> 1 | H10: 1 | I10: 구로 | O10: 신정인
A11: 변이서 | B11: =COUNTIF(I:AL,"변이서") -> 9 | C11: 김혜정 | D11: =COUNTIF(I:AL,"김혜정;") -> 1
A12: 박창민 | B12: =COUNTIF(I:AL,"박창민") -> 7 | C12: 장유진 | D12: =COUNTIF(I:AL,"장유진;") -> 2 | H12: 2
A13: 정윤후 | B13: =COUNTIF(I:AL,"정윤후") -> 3 | C13: 임인숙 | D13: =COUNTIF(I:AL,"임인숙;") -> 2
A14: 이순희 | B14: =COUNTIF(M:AP,"이순희") -> 4 | H14: 3 | K14: 이소영 | M14: 고영숙; | N14: 최임이; | O14: 윤미호 | P14: 김견희 | Q14: 박창민
A15: 박상혜 | B15: =COUNTIF(I:AP,"박상혜") -> 3 | M15: 윤분숙; | N15: 김용;
A16: 윤미호 | B16: =COUNTIF(G:AJ,"윤미호") -> 3 | H16: 4 | I16: 박사랑 | K16: 소영하린] | M16: 김인애; | N16: 석경남; | O16: 임하린 | Q16: 변이서
A17: 김견희 | B17: =COUNTIF(G:AJ,"김견희") -> 3
A18: 김하윤 | B18: =COUNTIF(G:AJ,"김하윤") -> 2 | C18: 공하정 | D18: =COUNTIF(I:AL,"공하정;") -> 0 | H18: 5 | K18: 이기찬 | M18: 이말진; | N18: 박상혜; | O18: 정지원 | Q18: 윤미호; | R18: 김견희;
A19: 이말진 | B19: =COUNTIF(G:AJ,"이말진") -> 1 | C19: 임하린 | D19: =COUNTIF(K:AN,"임하린;") -> 5
A20: 김지온 | B20: =COUNTIF(G:AJ,"김지온") -> 1 | C20: 정지원 | D20: =COUNTIF(K:AN,"정지원;") -> 5 | H20: 6 | K20: 이소영; | L20: 정지원; | Q20: 이순희
A21: 김미지 | B21: =COUNTIF(G:AJ,"김미지") -> 2 | C21: 배이준 | D21: =COUNTIF(K:AN,"배이준;") -> 5 | K21: 임하린; | L21: 이기찬;
C22: 이소영 | D22: =COUNTIF(K:AN,"이소영;") -> 5 | K22: 배이준;
C23: 이기찬 | D23: =COUNTIF(K:AN,"이기찬;") -> 5
A24: 최은실 | B24: =COUNTIF(I:AL,"최은실") -> 0 | C24: 박창민 | D24: =COUNTIF(K:AN,"박창민;") -> 1 | H24: 7
A25: 김혜숙 | B25: =COUNTIF(I:AL,"김혜숙") -> 0
H28: 2주차
I29: 8 | K29: 9 | M29: 10 | O29: 11 | Q29: 12 | S29: 13 | U29: 14
I30: 월 | K30: 화 | M30: 수 | O30: 목 | Q30: 금 | S30: 토 | U30: 일
H31: 10 | I31: 우리인력 | O31: 우리인력
H33: 11
H35: 12
H37: 1 | I37: 구로 | S37: 박창민
H39: 2
H41: 3 | K41: 이소영 | M41: 고영숙; | N41: 최임이; | O41: 임하린
M42: 김용;
H43: 4 | I43: 박사랑 | K43: 소영하린] | M43: 김인애; | N43: 석경남; | O43: 정지원 | Q43: 변이서 | S43: 정윤후
H45: 5 | K45: 이기찬 | M45: 이말진; | N45: 박상혜; | S45: 배이준
H47: 6 | I47: 박상혜 | K47: 이소영; | L47: 정지원; | Q47: 이순희
K48: 임하린; | L48: 이기찬;
K49: 배이준;
H51: 7
H56: 3주차
I57: 15 | K57: 16 | M57: 17 | O57: 18 | Q57: 19 | S57: 20 | U57: 21
I58: 월 | K58: 화 | M58: 수 | O58: 목 | Q58: 금 | S58: 토 | U58: 일
H59: 10 | S59: 이소영]
H61: 11
H63: 12 | S63: 이말진
H65: 1 | I65: 구로 | S65: 이말진]
H67: 2 | S67: 박창민
H69: 3 | I69: 박사랑 | K69: 이소영 | M69: 고영숙; | N69: 최임이; | O69: 임하린 | Q69: 박창민 | S69: 김하윤
M70: 김용; | N70: 김혜정;
H71: 4 | I71: 변이서 | K71: 소영하린] | M71: 석경남; | Q71: 변이서 | S71: 정윤후
H73: 5 | I73: 박상혜 | K73: 이기찬 | M73: 박사랑 | O73: 정지원
H75: 6 | K75: 이소영; | L75: 정지원; | M75: 장유진; | N75: 이말진; | O75: 임인숙; | Q75: 이순희 | S75: 윤미호 | T75: 김견희
K76: 임하린; | L76: 이기찬; | M76: 박상혜;
K77: 배이준;
H79: 7 | S79: 배이준
H84: 4주차
I85: 22 | K85: 23 | M85: 24 | O85: 25 | Q85: 26 | S85: 27 | U85: 28 | W85: 29 | Y85: 30
I86: 월 | K86: 화 | M86: 수 | O86: 목 | Q86: 금 | S86: 토 | U86: 일 | W86: 월 | Y86: 화
H87: 10 | I87: 휴무 | Q87: 우리인력
H89: 11
H91: 12
H93: 1 | M93: 김미지 | O93: 신정인
H95: 2 | K95: 변이서 | M95: 김미지 | O95: 변이서
H97: 3 | K97: 이소영 | M97: 김용; | N97: 석경남; | O97: 임하린 | Q97: 박창민 | S97: 박창민 | T97: 변이서 | Y97: 이소영
M98: 김인애; | N98: 최임이; | S98: 박사랑
H99: 4 | K99: 소영하린 | M99: 박사랑 | N99: 변이서 | O99: 김지온 | P99: 김하윤 | Q99: 정지원 | S99: 이소영] | W99: 변이서 | Y99: 소영하린
M100: 박창민
H101: 5 | K101: 이기찬 | O101: 윤미호 | P101: 김견희 | Q101: 정윤후 | Y101: 이기찬
H103: 6 | K103: 배이준; | L103: 이소영; | M103: 신하린; | N103: 이말진; | Q103: 이순희 | W103: 박상혜 | Y103: 배이준; | Z103: 이소영;
K104: 임하린; | L104: 정지원; | M104: 고영숙; | N104: 박상혜; | Y104: 임하린; | Z104: 정지원;
K105: 김지온; | L105: 이기찬; | M105: 장유진; | N105: 임인숙; | Y105: 김지온; | Z105: 이기찬;
Y106: 박창민;
H107: 7

Sheet 24년5월
A1: 개인 | C1: 단체 | D1: ; | E1: 심화 | F1: ] | H1: 1주차
A2: 구로 | B2: =COUNTIF(I:AL,"구로") -> 3 | C2: 고영숙 | D2: =COUNTIF(I:AL,"고영숙;") -> 4 | E2: 이소영 | F2: =COUNTIF(I:AL,"이소영]") -> 1 | I2: 1 | K2: 2 | M2: 3 | O2: 4 | Q2: 5
A3: 우리인력 | B3: =COUNTIF(I:AL,"우리인력") -> 1 | C3: 김용 | D3: =COUNTIF(I:AL,"김용;") -> 3 | E3: 이말진 | F3: =COUNTIF(I:AL,"이말진]") -> 0 | I3: 수 | K3: 목 | M3: 금 | O3: 토 | Q3: 일
A4: 박사랑 | B4: =COUNTIF(I:AL,"박사랑") -> 3 | C4: 윤분숙 | D4: =COUNTIF(I:AL,"윤분숙;") -> 4 | E4: 변이서 | F4: =COUNTIF(I:AL,"변이서]") -> 0 | H4: 10 | K4: 우리인력 | O4: 어린이날 행사
A5: 이소영 | B5: =COUNTIF(I:AL,"이소영") -> 7 | C5: 최임이 | D5: =COUNTIF(I:AL,"최임이;") -> 0
A6: 임하린 | B6: =COUNTIF(I:AL,"임하린") -> 2 | C6: 이말진 | D6: =COUNTIF(I:AL,"이말진;") -> 2 | H6: 11
A7: 정지원 | B7: =COUNTIF(I:AL,"정지원") -> 3 | C7: 김인애 | D7: =COUNTIF(I:AL,"김인애;") -> 1
A8: 이기찬 | B8: =COUNTIF(I:AL,"이기찬") -> 3 | C8: 석경남 | D8: =COUNTIF(I:AL,"석경남;") -> 3 | H8: 12
A9: 배이준 | B9: =COUNTIF(I:AL,"배이준") -> 2 | C9: 박상혜 | D9: =COUNTIF(I:AL,"박상혜;") -> 2
A10: 신정인 | B10: =COUNTIF(I:AL,"신정인") -> 3 | C10: 신하린 | D10: =COUNTIF(I:AL,"신하린;") -> 1 | H10: 1 | I10: 김미지
A11: 변이서 | B11: =COUNTIF(I:AL,"변이서") -> 2 | C11: 김혜정 | D11: =COUNTIF(I:AL,"김혜정;") -> 4
A12: 박창민 | B12: =COUNTIF(I:AL,"박창민") -> 3 | C12: 장유진 | D12: =COUNTIF(I:AL,"장유진;") -> 0 | H12: 2 | I12: 김미지
A13: 정윤후 | B13: =COUNTIF(I:AL,"정윤후") -> 1 | C13: 임인숙 | D13: =COUNTIF(I:AL,"임인숙;") -> 0
A14: 이순희 | B14: =COUNTIF(I:AP,"이순희") -> 1 | H14: 3 | I14: 신정인 | J14: 고영숙; | K14: 임하린
A15: 박상혜 | B15: =COUNTIF(I:AP,"박상혜") -> 4 | I15: 김혜정; | J15: 김용;
A16: 윤미호 | B16: =COUNTIF(G:AJ,"윤미호") -> 4 | H16: 4 | I16: 석경남; | J16: 박상혜; | K16: 윤미호 | L16: 김견희
A17: 김견희 | B17: =COUNTIF(G:AJ,"김견희") -> 3 | I17: 이말진; | J17: 윤분숙;
A18: 김하윤 | B18: =COUNTIF(G:AJ,"김하윤") -> 1 | C18: 변이서 | D18: =COUNTIF(H$2:AN$1048576,"변이서;") -> 2 | H18: 5
A19: 이말진 | B19: =COUNTIF(G:AJ,"이말진") -> 2 | C19: 정지원 | D19: =COUNTIF(H$2:AN$1048576,"정지원;") -> 4
A20: 김지온 | B20: =COUNTIF(G:AJ,"김지온") -> 1 | C20: 박사랑 | D20: =COUNTIF(H$2:AN$1048576,"박사랑;") -> 3 | H20: 6 | I20: 변이서;; | J20: 이소영;;
A21: 김미지 | B21: =COUNTIF(G:AJ,"김미지") -> 4 | C21: 김하윤 | D21: =COUNTIF(H$2:AN$1048576,"김하윤;") -> 3 | I21: 임하린;; | J21: 박창민;;
C22: 김지온 | D22: =COUNTIF(H$2:AN$1048576,"김지온;") -> 4 | I22: 김하윤;; | J22: 박사랑;;
C23: 박창민 | D23: =COUNTIF(H:AN,"박창민;") -> 2
C24: 이기찬 | D24: =COUNTIF(H:AN,"이기찬;") -> 2 | H24: 7
H28: 2주차
I29: 6 | K29: 7 | M29: 8 | O29: 9 | Q29: 10 | S29: 11 | U29: 12
I30: 월 | K30: 화 | M30: 수 | O30: 목 | Q30: 금 | S30: 토 | U30: 일
H31: 10
H33: 11 | S33: 이말진
H35: 12 | S35: 이말진
H37: 1 | M37: 김미지 | S37: 김지온
H39: 2 | M39: 김미지 | S39: 김하윤
H41: 3 | M41: 석경남; | N41: 김인애; | Q41: 박창민 | S41: 정윤후
M42: 김용; | N42: 윤분숙;
H43: 4 | K43: 김지온; | L43: 정지원; | M43: 김혜정; | N43: 고영숙; | O43: 박사랑 | Q43: 정지원 | S43: 배이준
H45: 5 | I45: 신정인 | O45: 윤미호 | P45: 김견희 | S45: 이소영]
H47: 6 | I47: 박상혜
H51: 7 | O51: 해금
H56: 3주차
I57: 13 | K57: 14 | M57: 15 | O57: 16 | Q57: 17 | S57: 18 | U57: 19
I58: 월 | K58: 화 | M58: 수 | O58: 목 | Q58: 금 | S58: 토 | U58: 일
H59: 10
H61: 11
H63: 12
H65: 1 | I65: 구로
H67: 2 | O67: 신정인
H69: 3 | K69: 이소영 | M69: 김용; | N69: 윤분숙; | O69: 박사랑 | Q69: 박창민
M70: 김혜정; | N70: 고영숙;
H71: 4 | K71: 이소영 | Q71: 정지원
H73: 5 | K73: 이기찬
H75: 6 | I75: 박상혜 | K75: 변이서; | L75: 박창민;
K76: 박사랑; | L76: 김하윤;
K77: 정지원; | L77: 김지온;
H79: 7
H84: 4주차
I85: 20 | K85: 21 | M85: 22 | O85: 23 | Q85: 24 | S85: 25 | U85: 26
I86: 월 | K86: 화 | M86: 수 | O86: 목 | Q86: 금 | S86: 토 | U86: 일
H87: 10
H89: 11
H91: 12 | S91: 사우공연
H93: 1 | I93: 구로 | M93: 변이서
H95: 2
H97: 3 | K97: 이소영 | M97: 석경남; | N97: 윤분숙; | O97: 이소영 | Q97: 박창민
M98: 김혜정; | N98: 고영숙;
H99: 4 | K99: 이소영 | M99: 신하린; | O99: 임하린 | Q99: 정지원 | S99: 정윤후;
H101: 5 | I101: 변이서 | K101: 이기찬 | M101: 윤미호 | O101: 윤미호 | P101: 김견희 | S101: 배이준
H103: 6 | I103: 박상혜 | K103: 변이서; | L103: 박창민; | M103: 박상혜; | N103: 이말진; | Q103: 이순희
K104: 박사랑; | L104: 김하윤;
K105: 정지원; | L105: 김지온;
K106: 이기찬;
H107: 7 | O107: 해금
H111: 5주차
I112: 27 | K112: 28 | M112: 29 | O112: 30 | Q112: 31
I113: 월 | K113: 화 | M113: 수 | O113: 목 | Q113: 금
H114: 10
H116: 11
H118: 12
H120: 1 | I120: 구로
H122: 2
H124: 3 | K124: 이소영
H126: 4 | I126: 박사랑 | K126: 이소영
H128: 5 | K128: 이기찬
H130: 6 | I130: 박상혜 | K130: 이기찬;
K131: 박사랑; | L131: 김하윤;
K132: 정지원; | L132: 김지온;
H134: 7 | I134: 대금

Sheet 24년6월
A1: 개인 | C1: 단체 | D1: ; | E1: 심화 | F1: ] | H1: 1주차
A2: 구로 | B2: =COUNTIF(I:AL,"구로") -> 1 | C2: 고영숙 | D2: =COUNTIF(I:AL,"고영숙;") -> 3 | E2: 이소영 | F2: =COUNTIF(I:AL,"이소영]") -> 3 | I2: 1 | K2: 2 | M2: 3 | O2: 4 | Q2: 5 | S2: 6 | U2: 7 | W2: 8 | Y2: 9
A3: 우리인력 | B3: =COUNTIF(I:AL,"우리인력") -> 0 | C3: 김용 | D3: =COUNTIF(I:AL,"김용;") -> 3 | E3: 이말진 | F3: =COUNTIF(I:AL,"이말진]") -> 0 | I3: 토 | K3: 일 | M3: 월 | O3: 화 | Q3: 수 | S3: 목 | U3: 금 | W3: 토 | Y3: 일
A4: 박사랑 | B4: =COUNTIF(I:AL,"박사랑") -> 3 | C4: 윤분숙 | D4: =COUNTIF(I:AL,"윤분숙;") -> 3 | E4: 변이서 | F4: =COUNTIF(I:AL,"변이서]") -> 0 | H4: 10
A5: 이소영 | B5: =COUNTIF(I:AL,"이소영") -> 6 | C5: 최임이 | D5: =COUNTIF(I:AL,"최임이;") -> 2
A6: 임하린 | B6: =COUNTIF(I:AL,"임하린") -> 4 | C6: 이말진 | D6: =COUNTIF(I:AL,"이말진;") -> 0 | H6: 11
A7: 정지원 | B7: =COUNTIF(I:AL,"정지원") -> 3 | C7: 김인애 | D7: =COUNTIF(I:AL,"김인애;") -> 0
A8: 이기찬 | B8: =COUNTIF(I:AL,"이기찬") -> 4 | C8: 석경남 | D8: =COUNTIF(I:AL,"석경남;") -> 1 | H8: 12
A9: 배이준 | B9: =COUNTIF(I:AL,"배이준") -> 4 | C9: 박상혜 | D9: =COUNTIF(I:AL,"박상혜;") -> 0
A10: 신정인 | B10: =COUNTIF(I:AL,"신정인") -> 0 | C10: 신하린 | D10: =COUNTIF(I:AL,"신하린;") -> 3 | H10: 1 | M10: 구로
A11: 변이서 | B11: =COUNTIF(I:AL,"변이서") -> 3 | C11: 김혜정 | D11: =COUNTIF(I:AL,"김혜정;") -> 0
A12: 박창민 | B12: =COUNTIF(I:AL,"박창민") -> 3 | H12: 2 | I12: 김하윤
A13: 정윤후 | B13: =COUNTIF(I:AL,"정윤후") -> 0
A14: 이순희 | B14: =COUNTIF(I:AP,"이순희") -> 2 | H14: 3 | O14: 이소영 | Q14: 윤분숙; | R14: 석경남; | S14: 임하린 | U14: 김서현
A15: 박상혜 | B15: =COUNTIF(I:AP,"박상혜") -> 1 | Q15: 김용; | R15: 고영숙;
A16: 윤미호 | B16: =COUNTIF(G:AJ,"윤미호") -> 5 | C16: 변이서 | D16: =COUNTIF(H$2:AN$1048576,"변이서;") -> 3 | H16: 4 | M16: 박사랑 | O16: 이소영] | Q16: 하성순 | U16: 박창민
A17: 김견희 | B17: =COUNTIF(G:AJ,"김견희") -> 0 | C17: 정지원 | D17: =COUNTIF(H$2:AN$1048576,"정지원;") -> 4
A18: 김하윤 | B18: =COUNTIF(G:AJ,"김하윤") -> 3 | C18: 박사랑 | D18: =COUNTIF(H$2:AN$1048576,"박사랑;") -> 4 | H18: 5 | I18: 배이준 | M18: 변이서 | O18: 김지온 | P18: 김하윤 | Q18: 윤미호 | U18: 정지원 | W18: 배이준
A19: 이말진 | B19: =COUNTIF(G:AJ,"이말진") -> 0 | C19: 김하윤 | D19: =COUNTIF(H$2:AN$1048576,"김하윤;") -> 4 | O19: 이기찬
A20: 김지온 | B20: =COUNTIF(G:AJ,"김지온") -> 2 | C20: 김지온 | D20: =COUNTIF(H$2:AN$1048576,"김지온;") -> 4 | H20: 6 | M20: 박상혜 | O20: 김지온; | P20: 김하윤; | Q20: 신하린;
A21: 김서현 | B21: =COUNTIF(G:AJ,"김서현") -> 3 | C21: 박창민 | D21: =COUNTIF(H:AN,"박창민;") -> 4 | O21: 박사랑; | P21: 박창민;
A22: 하성순 | B22: =COUNTIF(G:AJ,"하성순") -> 3 | C22: 이기찬 | D22: =COUNTIF(H:AN,"이기찬;") -> 3 | O22: 정지원;
C23: 김서현 | D23: =COUNTIF(H:AN,"김서현;") -> 2
H24: 7
H28: 2주차
I29: 10 | K29: 11 | M29: 12 | O29: 13 | Q29: 14 | S29: 15 | U29: 16
I30: 월 | K30: 화 | M30: 수 | O30: 목 | Q30: 금 | S30: 토 | U30: 일
H31: 10
H33: 11
H35: 12
H37: 1
H39: 2 | O39: 하성순
H41: 3 | K41: 이소영 | M41: 윤분숙; | N41: 최임이; | O41: 임하린 | Q41: 박창민
M42: 김용; | N42: 고영숙;
H43: 4 | I43: 박사랑 | K43: 이소영] | Q43: 이소영
H45: 5 | K45: 이기찬 | M45: 윤미호 | N45: 신하린; | Q45: 정지원 | S45: 배이준
H47: 6 | K47: 김지온; | L47: 김하윤; | M47: 윤미호 | Q47: 이순희
K48: 박사랑; | L48: 박창민;
K49: 정지원; | L49: 김서현;
K50: 변이서; | L50: 이기찬;
H51: 7 | K51: 김서현 | O51: 해금
H56: 3주차
I57: 17 | K57: 18 | M57: 19 | O57: 20 | Q57: 21 | S57: 22 | U57: 23
I58: 월 | K58: 화 | M58: 수 | O58: 목 | Q58: 금 | S58: 토 | U58: 일
H59: 10
H61: 11 | S61: 변이서
H63: 12 | Q63: 신하린 | S63: 김하윤 | T63: 김지온
H65: 1 | Q65: 하성순
H67: 2 | Q67: 박창민
H69: 3 | K69: 이소영 | M69: 윤분숙; | N69: 최임이; | O69: 임하린 | Q69: 이소영
M70: 김용; | N70: 고영숙;
H71: 4 | K71: 이소영] | M71: 변이서 | Q71: 정지원
H73: 5 | K73: 이기찬 | M73: 윤미호 | N73: 신하린; | S73: 배이준
H75: 6 | K75: 김지온; | L75: 김하윤; | Q75: 이순희 | R75: 윤미호
K76: 박사랑; | L76: 박창민;
K77: 정지원;
K78: 변이서; | L78: 이기찬;
H79: 7 | O79: 해금
H84: 4주차
I85: 24 | K85: 25 | M85: 26 | O85: 27 | Q85: 28 | S85: 29 | U85: 30
I86: 월 | K86: 화 | M86: 수 | O86: 목 | Q86: 금 | S86: 토 | U86: 일
H87: 10
H89: 11
H91: 12
H93: 1
H95: 2
H97: 3 | K97: 이소영 | O97: 임하린
H99: 4 | I99: 박사랑
H101: 5 | K101: 이기찬
H103: 6 | K103: 김지온; | L103: 김하윤;
K104: 박사랑; | L104: 박창민;
K105: 정지원; | L105: 김서현;
K106: 변이서; | L106: 이기찬;
H107: 7 | K107: 김서현 | O107: 해금

Sheet 24년7월
A1: 개인 | C1: 단체 | D1: ; | E1: 심화 | F1: ] | H1: 1주차
A2: 구로 | B2: =COUNTIF(I:AL,"구로") -> 0 | C2: 고영숙 | D2: =COUNTIF(I:AL,"고영숙;") -> 1 | E2: 이소영 | F2: =COUNTIF(I:AL,"이소영]") -> 0 | I2: 1 | K2: 2 | M2: 3 | O2: 4 | Q2: 5 | S2: 6 | U2: 7
A3: 박사랑 | B3: =COUNTIF(I:AL,"박사랑") -> 0 | C3: 김용 | D3: =COUNTIF(I:AL,"김용;") -> 1 | E3: 이말진 | F3: =COUNTIF(I:AL,"이말진]") -> 0 | I3: 월 | K3: 화 | M3: 수 | O3: 목 | Q3: 금 | S3: 토 | U3: 일
A4: 이소영 | B4: =COUNTIF(I:AL,"이소영") -> 1 | C4: 윤분숙 | D4: =COUNTIF(I:AL,"윤분숙;") -> 1 | H4: 10
A5: 임하린 | B5: =COUNTIF(I:AL,"임하린") -> 1 | C5: 최임이 | D5: =COUNTIF(I:AL,"최임이;") -> 1
A6: 정지원 | B6: =COUNTIF(I:AL,"정지원") -> 0 | C6: 이말진 | D6: =COUNTIF(I:AL,"이말진;") -> 1 | H6: 11
A7: 이기찬 | B7: =COUNTIF(I:AL,"이기찬") -> 1 | C7: 김인애 | D7: =COUNTIF(I:AL,"김인애;") -> 0
A8: 배이준 | B8: =COUNTIF(I:AL,"배이준") -> 0 | C8: 석경남 | D8: =COUNTIF(I:AL,"석경남;") -> 1 | H8: 12
A9: 신정인 | B9: =COUNTIF(I:AL,"신정인") -> 1 | C9: 박상혜 | D9: =COUNTIF(I:AL,"박상혜;") -> 0
A10: 변이서 | B10: =COUNTIF(I:AL,"변이서") -> 0 | C10: 신하린 | D10: =COUNTIF(I:AL,"신하린;") -> 0 | H10: 1
A11: 박창민 | B11: =COUNTIF(I:AL,"박창민") -> 0 | C11: 김혜정 | D11: =COUNTIF(I:AL,"김혜정;") -> 0
A12: 정윤후 | B12: =COUNTIF(I:AL,"정윤후") -> 0 | H12: 2
A13: 이순희 | B13: =COUNTIF(I:AP,"이순희") -> 0
A14: 박상혜 | B14: =COUNTIF(I:AP,"박상혜") -> 0 | C14: 변이서 | D14: =COUNTIF(H$2:AN$1048576,"변이서;") -> 1 | H14: 3 | K14: 이소영 | M14: 윤분숙; | N14: 최임이; | O14: 신정인
A15: 윤미호 | B15: =COUNTIF(G:AJ,"윤미호") -> 2 | C15: 정지원 | D15: =COUNTIF(H$2:AN$1048576,"정지원;") -> 0 | M15: 김용; | N15: 고영숙;
A16: 김견희 | B16: =COUNTIF(G:AJ,"김견희") -> 0 | C16: 박사랑 | D16: =COUNTIF(H$2:AN$1048576,"박사랑;") -> 0 | H16: 4 | M16: 석경남; | O16: 임하린
A17: 이말진 | B17: =COUNTIF(G:AJ,"이말진") -> 0 | C17: 박창민 | D17: =COUNTIF(H:AN,"박창민;") -> 0
A18: 김서현 | B18: =COUNTIF(G:AJ,"김서현") -> 0 | C18: 이기찬 | D18: =COUNTIF(H:AN,"이기찬;") -> 1 | H18: 5 | K18: 이기찬 | M18: 윤미호 | N18: 이말진; | O18: 윤미호
A19: 정승은 | B19: =COUNTIF(G:AJ,"정승은") -> 0 | C19: 김서현 | D19: =COUNTIF(H:AN,"김서현;") -> 0
A20: 정서은 | B20: =COUNTIF(G:AJ,"정서은") -> 0 | C20: 음채원 | D20: =COUNTIF(H:AN,"음채원;") -> 1 | H20: 6 | K20: 이기찬; | L20: 음채원;
A21: 음채원 | B21: =COUNTIF(G:AJ,"음채원") -> 0 | C21: 정승은 | D21: =COUNTIF(I:AL,"정승은;") -> 0 | K21: 변이서;
C22: 정서은 | D22: =COUNTIF(I:AL,"정서은;") -> 0
H24: 7
H28: 2주차
I29: 8 | K29: 9 | M29: 10 | O29: 11 | Q29: 12 | S29: 13 | U29: 14
I30: 월 | K30: 화 | M30: 수 | O30: 목 | Q30: 금 | S30: 토 | U30: 일
H31: 10
H33: 11
H35: 12
H37: 1
H39: 2
H41: 3
H43: 4
H45: 5
H47: 6
H51: 7
H56: 3주차
I57: 15 | K57: 16 | M57: 17 | O57: 18 | Q57: 19 | S57: 20 | U57: 21
I58: 월 | K58: 화 | M58: 수 | O58: 목 | Q58: 금 | S58: 토 | U58: 일
H59: 10
H61: 11
H63: 12
H65: 1
H67: 2
H69: 3
H71: 4
H73: 5
H75: 6
H79: 7
H84: 4주차
I85: 22 | K85: 23 | M85: 24 | O85: 25 | Q85: 26 | S85: 27 | U85: 28
I86: 월 | K86: 화 | M86: 수 | O86: 목 | Q86: 금 | S86: 토 | U86: 일
H87: 10
H89: 11
H91: 12
H93: 1
H95: 2
H97: 3
H99: 4
H101: 5
H103: 6
H107: 7
H111: 5주차
I112: 29 | K112: 30 | M112: 31
I113: 월 | K113: 화 | M113: 수
H114: 10
H116: 11
H118: 12
H120: 1
H122: 2
H124: 3
H126: 4
H128: 5
H130: 6
H134: 7

Sheet 악기24년
A1: 총 수입 | B1: =SUM(G3,I3,K3,M3,O3,Q3,S3,U3,W3,Y3,AA3,AC3) -> 3
A2: 번호 | B2: 이름 | C2: 전화번호 | D2: 대여기간 | E2: 대여비 | F2: 1월 | G2: 입금 | H2: 2월 | I2: 입금 | J2: 3월 | K2: 입금 | L2: 4월 | M2: 입금 | N2: 5월 | O2: 입금 | P2: 6월 | Q2: 입금 | R2: 7월 | S2: 입금 | T2: 8월 | U2: 입금 | V2: 9월 | W2: 입금 | X2: 10월 | Y2: 입금 | Z2: 11월 | AA2: 입금 | AB2: 12월 | AC2: 입금
A3: 1 | B3: 홍길동 | C3: 010-123-4567 | D3: 1개월 | E3: =SUM(E5:E45) -> 3 | G3: =SUM(G5:G25) -> 0 | I3: =SUM(I5:I25) -> 0 | K3: =SUM(K5:K25) -> 0 | M3: =SUM(M5:M25) -> 0 | O3: =SUM(O5:O25) -> 3 | Q3: =SUM(Q5:Q25) -> 0 | S3: =SUM(S5:S25) -> 0 | U3: =SUM(U5:U25) -> 0 | W3: =SUM(W5:W25) -> 0 | Y3: =SUM(Y5:Y25) -> 0 | AA3: =SUM(AA5:AA25) -> 0 | AC3: =SUM(AC4:AC25) -> 0
A4: 가야금
A5: 1
A6: 2
A7: 3
A8: 4
A9: 총인원 | B9: 0명
A11: 해금
A12: 1 | B12: 김다영 | C12: 10만원보증금 | D12: 1개월 | E12: 3 | N12: 2 | O12: 3
A13: 2
A14: 3
A15: 4
A16: 5
A17: 총인원 | B17: 0명
A19: 기타
A20: 1
A21: 2
A22: 3
A23: 4
A24: 총인원 | B24: 0명

Sheet 123
A1: 번호 | B1: 이름 | C1: 전화번호 | D1: 과목 | E1: 대여기간 | F1: 대여비 | G1: 1달 | H1: 2달 | I1: 3달 | J1: 4달 | K1: 5달 | L1: 6달 | M1: 7달 | N1: 8달 | O1: 9달 | P1: 10달 | Q1: 11달 | R1: 12달
A3: 1 | B3: 조은서 | C3: 010-4106-9365 | D3: 가야금 | E3: 2개월 | F3: 16 | G3: 45121 | H3: 45152
A4: 2 | B4: 김민채 | C4: 010-72078055 | D4: 해금 | E4: 1개월 | F4: 13 | G4: 45135 | H4: 45166
A5: 3
A6: 4
A7: 5
A8: 6
A9: 7
A10: 8
A11: 9
A12: 10
A13: 11
A14: 12
A15: 13
A16: 14
... A22: 20

Sheet 구로
B1: 구로
A3: 24 총 합 | B3: =SUM(D10:O10) -> 140.7 | C3: 책 | D3: 4 | E3: 8 | F3: 16 | G3: 7 | H3: 3 | I3: 2 | K3: 2 | P3: =SUM(D3:O3) -> 42
C4: 24년 | D4: 1 | E4: 2 | F4: 3 | G4: 4 | H4: 5 | I4: 6 | J4: 7 | K4: 8 | L4: 9 | M4: 10 | N4: 11 | O4: 12
C5: 1 | E5: 0.8 | F5: 17.6 | G5: 6 | H5: 15.4 | I5: 13.6 | J5: 11.6 | K5: 7.7 | L5: 11.6 | M5: 11.6
C6: 2 | F6: 6 | G6: 17 | K6: 2
C7: 3 | E7: 3.2 | F7: 4 | H7: 1
C8: 4 | E8: 2.4 | F8: 4 | H8: 2
C9: 5 | D9: 3.2
D10: =SUM(D5:D9) -> 3.2 | E10: =SUM(E5:E9) -> 6.4 | F10: =SUM(F5:F9) -> 31.6 | G10: =SUM(G5:G9) -> 23 | H10: =SUM(H5:H9) -> 18.4 | I10: =SUM(I5:I9) -> 13.6 | J10: =SUM(J5:J9) -> 11.6 | K10: =SUM(K5:K9) -> 9.7 | ... O10: =SUM(O5:O9) -> 0
A12: 25 총 합 | B12: =SUM(D19:O19) -> 0 | C12: 책 | P12: =SUM(D12:O12) -> 0
C13: 25년 | D13: 1 | E13: 2 | F13: 3 | G13: 4 | H13: 5 | I13: 6 | J13: 7 | K13: 8 | L13: 9 | M13: 10 | N13: 11 | O13: 12
C14: 1
C15: 2
C16: 3
C17: 4
C18: 5
D19: =SUM(D14:D18) -> 0 | E19: =SUM(E14:E18) -> 0 | F19: =SUM(F14:F18) -> 0 | G19: =SUM(G14:G18) -> 0 | H19: =SUM(H14:H18) -> 0 | I19: =SUM(I14:I18) -> 0 | J19: =SUM(J14:J18) -> 0 | K19: =SUM(K14:K18) -> 0 | ... O19: =SUM(O14:O18) -> 0
A21: 26 총 합 | B21: =SUM(D28:O28) -> 0 | C21: 책 | P21: =SUM(D21:O21) -> 0
C22: 25년 | D22: 1 | E22: 2 | F22: 3 | G22: 4 | H22: 5 | I22: 6 | J22: 7 | K22: 8 | L22: 9 | M22: 10 | N22: 11 | O22: 12
C23: 1
C24: 2
C25: 3
C26: 4
C27: 5
D28: =SUM(D23:D27) -> 0 | E28: =SUM(E23:E27) -> 0 | F28: =SUM(F23:F27) -> 0 | G28: =SUM(G23:G27) -> 0 | H28: =SUM(H23:H27) -> 0 | I28: =SUM(I23:I27) -> 0 | J28: =SUM(J23:J27) -> 0 | K28: =SUM(K23:K27) -> 0 | ... O28: =SUM(O23:O27) -> 0

Sheet 외부23년
A2: 번호 | B2: 이름 | C2: 전화번호 | D2: 과목 | E2: 개인/단체 | F2: 수업 시간 | H2: 회비 | J2: 1달 | K2: 입금 | L2: 2달 | M2: 입금 | N2: 3달 | O2: 입금 | P2: 4달 | Q2: 입금 | R2: 5달 | S2: 입금 | T2: 6달 | U2: 입금 | V2: 7달 | W2: 입금 | X2: 8달 | Y2: 입금 | Z2: 9달 | AA2: 입금 | AB2: 10달 | AC2: 입금 | AD2: 11달 | AE2: 입금 | AF2: 12달 | AG2: 입금
A4: 1 | B4: 5동대표 | C4: 010-4187-0829 | D4: 가야금 | E4: 단체 | F4: 금요일 4시30분 | G4: 3개월 | H4: 24 | J4: 45121 | L4: 45149 | N4: 45177 | P4: 45212 | R4: 45240 | T4: 45268 | V4: 44938
A5: 2 | B5: 조은서 | C5: 010-4106-9365 | D5: 가야금 | E5: 단체 | F5: 금요일 4시30분 | G5: 3개월 | H5: 24 | J5: 45107 | L5: 45135 | N5: 45163 | P5: 45191 | R5: 45226 | T5: 45254 | V5: 45282
A6: 3 | B6: 박헤진 | C6: 010-4109-7610 | D6: 가야금 | E6: 단체 | F6: 금요일 4시30분 | G6: 1개월 | H6: 10 | J6: 45114 | K6: 7 | L6: 45142 | N6: 45170 | P6: 45198
A7: 4 | B7: 이선영 | C7: 010-3466-3527 | D7: 가야금 | E7: 단체 | F7: 금요일 4시30분 | G7: 3개월 | H7: 24 | J7: 45128 | L7: 45156 | N7: 45164
A8: 5
A9: 6
A10: 7
A11: 8
A12: 9 | B12: 차여명 | C12: 010-2229-4973 | D12: 정가 | E12: 단체 | F12: 금요일 4시30분 | G12: 3개월 | H12: 24 | J12: 45114 | L12: 45142 | N12: 45170 | P12: 45198
A13: 10
A14: 11
A15: 12
A16: 13
A17: 14 | B17: 김민채 | C17: 010-7207-8055 | D17: 해금 | E17: 단체 | F17: 화요일 10시 | G17: 3개월 | H17: 24 | J17: 45111 | L17: 45139 | N17: 45167 | P17: 45195
A18: 15 | B18: 남선숙 | C18: 010-3399-8638 | D18: 해금 | E18: 단체 | F18: 화요일10시 | G18: 3개월 | H18: 24 | J18: 45118 | L18: 45146 | N18: 45174 | P18: 45202
A19: 16
A20: 17
A21: 18
A22: 19
A23: 20
A24: 21
A25: 22
A26: 23
A27: 24
A28: 25
A29: 26
A30: 27
... A60: 57

Sheet 악기25년
A1: 총 수입 | B1: =SUM(G3,I3,K3,M3,O3,Q3,S3,U3,W3,Y3,AA3,AC3) -> 0
A2: 번호 | B2: 이름 | C2: 전화번호 | D2: 대여기간 | E2: 대여비 | F2: 1월 | G2: 입금 | H2: 2월 | I2: 입금 | J2: 3월 | K2: 입금 | L2: 4월 | M2: 입금 | N2: 5월 | O2: 입금 | P2: 6월 | Q2: 입금 | R2: 7월 | S2: 입금 | T2: 8월 | U2: 입금 | V2: 9월 | W2: 입금 | X2: 10월 | Y2: 입금 | Z2: 11월 | AA2: 입금 | AB2: 12월 | AC2: 입금
A3: 1 | B3: 홍길동 | C3: 010-123-4567 | D3: 1개월 | E3: =SUM(E5:E45) -> 0 | G3: =SUM(G5:G25) -> 0 | I3: =SUM(I5:I25) -> 0 | K3: =SUM(K5:K25) -> 0 | M3: =SUM(M5:M25) -> 0 | O3: =SUM(O5:O25) -> 0 | Q3: =SUM(Q5:Q25) -> 0 | S3: =SUM(S5:S25) -> 0 | U3: =SUM(U5:U25) -> 0 | W3: =SUM(W5:W25) -> 0 | Y3: =SUM(Y5:Y25) -> 0 | AA3: =SUM(AA5:AA25) -> 0 | AC3: =SUM(AC4:AC25) -> 0
A4: 가야금
A5: 1
A6: 2
A7: 3
A8: 4
A9: 총인원 | B9: 0명
A11: 해금
A12: 1
A13: 2
A14: 3
A15: 4
A16: 5
A17: 총인원 | B17: 0명
A19: 기타
A20: 1
A21: 2
A22: 3
A23: 4
A24: 총인원 | B24: 0명

Sheet 23년구
A1: 번호 | B1: 이름 | C1: 전화번호 | D1: 과목 | E1: 개인/단체 | F1: 수업 시간 | H1: 회비 | I1: 책 | J1: 1달 | K1: 입금 | L1: 2달 | M1: 입금 | N1: 3달 | O1: 입금 | P1: 4달 | Q1: 입금 | R1: 5달 | S1: 입금 | T1: 6달 | U1: 입금 | V1: 7달 | W1: 입금 | X1: 8달 | Y1: 입금 | Z1: 9달 | AA1: 입금 | AB1: 10달 | AC1: 입금 | AD1: 11달 | AE1: 입금 | AF1: 12달 | AG1: 입금
A2: 1 | B2: 이소영 | C2: 010-3492-7247 | D2: 민요 | E2: 개인 | F2: 화요일 / 3시 | G2: 1개월 | H2: 15 | I2: 1만 | J2: 45095 | L2: 45123 | M2: 45132 | N2: 45151 | O2: 45160 | P2: 45179 | R2: 45207 | T2: 45235 | V2: 45263 | X2: 45291 | Z2: 45319 | AB2: 45347 | AD2: 45375 | AF2: 45403
A3: 2 | B3: 김다정 | C3: 010-8234-4080 | D3: 민요 | E3: 단체 | F3: 금요일/2시 | G3: 3개월 | H3: 24 | J3: 45095 | L3: 45123 | N3: 45151 | P3: 45179 | R3: 45207 | T3: 45235 | V3: 45263 | X3: 45291 | Z3: 45319 | AB3: 45347 | AD3: 45375 | AF3: 45403
A4: 3 | B4: 고영숙 | C4: 010-2293-6349 | D4: 민요 | E4: 단체 | F4: 수요일 5시 | G4: 1개월 | H4: 10 | J4: 45094 | L4: 45122 | N4: 45150 | O4: 45161 | P4: 45178 | R4: 45206 | T4: 45234 | V4: 45262 | X4: 45290 | Z4: 45318 | AB4: 45346 | AD4: 45374 | AF4: 45402
A5: 4 | B5: 공춘희 | C5: 010-9288-9750 | D5: 민요 | E5: 단체 | F5: 수요일/6시 | G5: 1개월 | H5: 10 | I5: 1만 | J5: 45070 | L5: 45098 | N5: 45126 | O5: 45138 | P5: 45154 | R5: 45182 | T5: 45210 | V5: 45238 | X5: 45266 | Z5: 45294 | AB5: 45322 | AD5: 45350 | AF5: 45378
A6: 5 | B6: 김혜정 | C6: 010-5213-0895 | D6: 민요 | E6: 단체 | F6: 목요일 12시 | H6: 10 | I6: 1만 | J6: 45064 | L6: 45092 | N6: 45120 | P6: 45148 | R6: 45176 | T6: 45204 | V6: 45232 | X6: 45260 | Z6: 45288 | AB6: 45316 | AD6: 45344 | AF6: 45372
A7: 6 | B7: 최성옥 | C7: 010-8709-5262 | D7: 민요 | E7: 개인 | F7: 목요일/11시 | G7: 1개월 | H7: 15 | I7: 1만 | J7: 45064 | P7: 45141 | R7: 45169 | T7: 45197 | V7: 45225 | X7: 45253 | Z7: 45281 | AB7: 45309 | AD7: 45337 | AF7: 45365
A8: 7 | B8: 임하린 | C8: 010-4660-9812 | D8: 민요 | E8: 개인 | F8: 화요일 / 4시 | G8: 1개월 | H8: 15 | I8: 1만 | J8: 45062 | L8: 45090 | M8: 45130 | N8: 45118 | O8: 45161 | P8: 45146 | R8: 45174 | T8: 45202 | V8: 45230 | X8: 45258 | Z8: 45286 | AB8: 45314 | AD8: 45342 | AF8: 45370
A9: 8 | B9: 이옥형 | C9: 010-9868-6890 | D9: 장구 | E9: 단체 | F9: 수요일 3시 | G9: 3개월 | H9: 24 | J9: 45099 | L9: 45127 | N9: 45155 | P9: 45183 | R9: 45211 | T9: 45239 | V9: 45267 | X9: 45295 | Z9: 45323 | AB9: 45351 | AD9: 45379 | AF9: 45407
A10: 9 | B10: 고영숙 | C10: 010-2293-6349 | D10: 장구 | E10: 단체 | F10: 수요일/3시 | G10: 3개월 | H10: 15 | I10: 1만 | J10: 45113 | L10: 45141 | M10: 45132 | N10: 45169 | P10: 45197 | R10: 45225 | T10: 45253 | V10: 45281 | X10: 45309 | Z10: 45337 | AB10: 45365 | AD10: 45393 | AF10: 45421
A11: 10 | B11: 아름 다움 | C11: 010-2472-0002 | D11: 민/장구 | E11: 단체 | F11: 수요일 09/30분 | G11: 3개월 | H11: 60 | I11: 2만 | J11: 45138 | K11: 45111 | L11: 45169 | N11: 45197 | P11: 45211 | R11: 45239 | T11: 45267 | V11: 45295 | X11: 45323 | Z11: 45351 | AB11: 45379 | AD11: 45407 | AF11: 45435
A12: 11 | B12: 초빈 초연 | C12: 010-7481-9508 | D12: 민/장구 | E12: 단체 | F12: 수요일 09/30분 | G12: 3개월 | H12: 60 | I12: 2만 | J12: 45138 | K12: 45125 | L12: 45169 | N12: 45197 | P12: 45207 | R12: 45235 | T12: 45263 | V12: 45291 | X12: 45319 | Z12: 45347 | AB12: 45375 | AD12: 45403 | AF12: 45431
A13: 12 | B13: 신태희 | C13: 010-3942-4735 | D13: 민/장구 | E13: 단체 | F13: 수요일 3시4시 | G13: 1개월 | H13: 15 | I13: 1만 | J13: 45119 | L13: 7/19환불 10만
A14: 13 | B14: 배이준 | C14: 010-3719-0922 | D14: 민요 | E14: 개인 | F14: 주일 5시 | G14: 1개월 | H14: 15 | I14: 1만 | J14: 45123 | K14: 45123 | L14: 45151 | N14: 45179 | P14: 45207 | R14: 45235 | T14: 45263 | V14: 45291 | X14: 45319 | Z14: 45347 | AB14: 45375 | AD14: 45403 | AF14: 45431
A15: 14 | B15: 이옥형 | D15: 민요 | E15: 단체 | F15: 수요일 4시 | G15: 3개월 | H15: 10 | I15: 1만 | J15: 45126 | K15: 45126 | L15: 45154 | N15: 45182 | P15: 45210 | R15: 45238 | T15: 45266 | V15: 45294 | X15: 45322 | Z15: 45350 | AB15: 45378 | AD15: 45406 | AF15: 45434
A16: 15 | B16: 채린 | C16: 010-3383-1714 | D16: 민요 | E16: 개인 | F16: 주일 4시 | G16: 1개월 | H16: 15 | I16: 1만 | J16: 45142 | K16: 45142 | L16: 45173 | P16: 45210 | R16: 45238 | T16: 45266 | V16: 45294 | X16: 45322 | Z16: 45350 | AB16: 45378 | AD16: 45406 | AF16: 45434
A17: 16 | B17: 유승희 | C17: 010-2987-1850 | D17: 장구 | E17: 단체 | F17: 수요일 4시 | G17: 3개월 | H17: 24 | I17: 1만 | J17: 45140 | K17: 45146
A18: 17 | B18: 창민 | F18: 목요일/3시 | G18: 1개월 | H18: 15 | I18: 선물 | J18: 45142 | K18: 45142
A19: 18 | B19: 임하령 | C19: 010-3232-6065 | D19: 민요 | E19: 개인 | F19: 화요일 5시20붐 | G19: 1개월 | H19: 15 | I19: 선물 | J19: 45216 | K19: 45209 | L19: 45237 | N19: 45265
A20: 19 | B20: 민경임 | C20: 010-5269-3514 | D20: 민요 | E20: 개인 | F20: 월/목 오전 10시 | G20: 2개월 | H20: 80 | I20: 선물 | J20: 45239 | K20: 45239
A21: 20
A22: 21
A23: 22
A24: 23
A25: 24
A26: 25
A27: 26
A28: 27
A29: 28
A30: 29
A31: 30
A32: 31
... A58: 57

Sheet 23년
A1: 입금 | B1: =SUM(I3,K3,M3,O3,Q3,S3,U3,W3,Y3,AA3,AC3,AE3) -> 1468 | C1: 합창 | E1: NI | F1: =SUM(B1-D1,I5,K5,M5,O5,Q5,S5,U5,W5,Y5,AA5,AC5,AE5) -> 1468 | I1: =I3 -> 0 | K1: =K3 -> 0 | M1: =M3 -> 0 | O1: =O3 -> 0 | Q1: =Q3 -> 50 | S1: =S3 -> 102 | U1: =U3 -> 167 | W1: =W3 -> 236 | Y1: =Y3 -> 197 | AA1: =AA3 -> 212 | AC1: =AC3 -> 292 | AE1: =AE3 -> 212
H2: 1월 | I2: 입금 | J2: 2월 | K2: 입금 | L2: 3월 | M2: 입금 | N2: 4월 | O2: 입금 | P2: 5월 | Q2: 입금 | R2: 6월 | S2: 입금 | T2: 7월 | U2: 입금 | V2: 8월 | W2: 입금 | X2: 9월 | Y2: 입금 | Z2: 10월 | AA2: 입금 | AB2: 11월 | AC2: 입금 | AD2: 12월 | AE2: 입금 | AF2: 평균 | AG2: 수강인원
A3: 과목 | B3: 이름 | C3: 전화번호 | D3: 비고 | F3: =SUM(F22,F34) & "만" -> 229만 | I3: =SUM(I8:I30) -> 0 | K3: =SUM(K8:K30) -> 0 | M3: =SUM(M8:M30) -> 0 | O3: =SUM(O8:O30) -> 0 | Q3: =SUM(Q8:Q30) -> 50 | S3: =SUM(S8:S30) -> 102 | U3: =SUM(U8:U30) -> 167 | W3: =SUM(W8:W31) -> 236 | Y3: =SUM(Y8:Y30) -> 197 | AA3: =SUM(AA8:AA30) -> 212 | AC3: =SUM(AC8:AC32) -> 292 | AE3: =SUM(AE5,AE8,AE9,AE13:AE21,AE25:AE33) -> 212 | AF3: =AVERAGE(Q3,S3,U3,W3,Y3,AA3,AC3,AE3) -> 183.5 | AG3: =SUM(B22,B34) -> 18
A5: 투자 | B5: =SUM(I5,K5,M5,O5,Q5,S5,U5,W5,Y5,AA5,AC5,AE5) -> 0
A7: 외부
AF9: =SUM(I8:I9,K8:K9,M8:M9,O8:O9,Q8:Q9,S8:S9,U8:U9,W8:W9,Y8:Y9,AA8:AA9,AC8:AC9,AE8:AE9) -> 0
F10: =SUM(F8:F9) -> 0
A12: 어린이 개인
A13: 1 | B13: 임하린 | C13: 010-4660-9812 | D13: 어린이개인 | F13: 15 | P13: 16 | Q13: 15 | R13: 13 | S13: 15 | T13: 11 | U13: 15 | V13: 23 | W13: 15 | X13: 5 | Y13: 15 | Z13: 31 | AA13: 15 | AB13: 28 | AC13: 15 | AD13: 26 | AE13: 15
A14: 2 | B14: 이소영 | C14: 010-3492-7247 | D14: 어린이개인 | F14: 15 | R14: 18 | S14: 15 | T14: 16 | U14: 15 | V14: 13 | W14: 15 | X14: 10 | Y14: 15 | Z14: 8 | AA14: 15 | AB14: 5 | AC14: 15 | AD14: 3 | AE14: 15
A15: 3 | B15: 배이준 | C15: 010-3719-0922 | D15: 어린이개인 | F15: 15 | T15: 16 | U15: 15 | V15: 13 | W15: 15 | X15: 10 | Y15: 15 | Z15: 8 | AA15: 15 | AB15: 5 | AC15: 15 | AD15: 3 | AE15: 15
A16: 4,5 | B16: 아름,다움 | C16: 010-2472-0002 | D16: 어린이개인 | F16: 20 | T16: 31 | U16: 20 | V16: 31 | W16: 20 | X16: 28 | Y16: 20 | Z16: 12 | AA16: 20 | AB16: 9 | AC16: 20 | AD16: 7 | AE16: 20
A17: 6,7 | B17: 초빈,초연 | C17: 010-7481-9508 | D17: 어린이개인 | F17: 20 | T17: 31 | U17: 20 | V17: 31 | W17: 20 | X17: 28 | Y17: 20 | Z17: 8 | AA17: 20 | AB17: 5 | AC17: 20 | AD17: 31 | AE17: 20
A18: 8 | B18: 채린 | C18: 010-3383-1714 | D18: 어린이개인 | F18: 15 | V18: 4 | W18: 15 | X18: 4 | Y18: 15 | Z18: 11 | AA18: 15 | AB18: 8 | AC18: 15 | AD18: 6 | AE18: 15
A19: 9 | B19: 박창민 | C19: 010-3179-5478 | D19: 어린이개인 | F19: 15 | V19: 4 | W19: 15
A20: 10 | B20: 임하령 | C20: 010-3232-6065 | D20: 어린이개인 | F20: 15 | Z20: 17 | AA20: 15 | AB20: 7 | AC20: 15 | AD20: 5 | AE20: 15
A22: 총 | B22: 10 | F22: =SUM(F13:F21) -> 130
A24: 성인 개인
A25: 1 | B25: 공춘희 | C25: 010-9288-9750 | D25: 성인개인 | F25: 10 | P25: 24 | Q25: 10 | R25: 21 | S25: 10 | T25: 31 | U25: 10 | V25: 16 | W25: 10 | X25: 13 | Y25: 10 | Z25: 11 | AA25: 10 | AB25: 8 | AC25: 10 | AD25: 6 | AE25: 10
A26: 2 | B26: 김혜정 | C26: 010-5213-0895 | D26: 성인개인 | F26: 10 | P26: 18 | Q26: 10 | R26: 15 | S26: 10 | T26: 13 | U26: 10 | V26: 10 | W26: 10 | X26: 7 | Y26: 10 | Z26: 5 | AA26: 10 | AB26: 30 | AC26: 10 | AD26: 28 | AE26: 10
A27: 3 | B27: 최성옥 | C27: 010-8709-5262 | D27: 성인개인 | F27: 15 | P27: 18 | Q27: 15 | V27: 31 | W27: 15 | X27: 28 | Y27: 15 | Z27: 26 | AA27: 15 | AB27: 23 | AC27: 15 | AD27: 21 | AE27: 15
A28: 4 | B28: 고영숙 | C28: 010-2293-6349 | D28: 성인개인 | F28: 10 | R28: 17 | S28: 20 | T28: 15 | U28: 20 | V28: 12 | W28: 20 | X28: 9 | Y28: 20 | Z28: 7 | AA28: 20 | AB28: 4 | AC28: 20 | AD28: 2 | AE28: 20
A29: 5 | B29: 김다정 | C29: 010-8234-4080 | D29: 성인개인 | F29: 8 | R29: 18 | S29: 24 | T29: 16 | U29: 24 | V29: 13 | W29: 24 | X29: 10 | Y29: 24 | Z29: 8 | AA29: 24 | AB29: 5 | AC29: 24 | AD29: 3 | AE29: 24
A30: 6 | B30: 이옥형 | C30: 010-9868-6890 | D30: 성인개인 | F30: 18 | R30: 22 | S30: 8 | T30: 20 | U30: 18 | V30: 17 | W30: 18 | X30: 14 | Y30: 18 | Z30: 12 | AA30: 18 | AB30: 9 | AC30: 18 | AD30: 7 | AE30: 18
A31: 7 | B31: 유승희 | C31: 010-2987-1850 | D31: 성인개인 | F31: 8 | V31: 2 | W31: 24
A32: 8 | B32: 민경임 | C32: 010-5269-3514 | D32: 성인개인 | F32: 20 | AB32: 9 | AC32: 80
A34: 총 | B34: 8 | F34: =SUM(F25:F33) -> 99

Sheet 24년
A1: 입금 | B1: =SUM(I3,K3,M3,O3,Q3,S3,U3,W3,Y3,AA3,AC3,AE3) -> 5636.3 | C1: 합창 | D1: =SUM(AE30,AE134) -> 635 | E1: NI | F1: =SUM(B1-D1,I5,K5,M5,O5,Q5,S5,U5,W5,Y5,AA5,AC5,AE5) -> 4611.3 | I1: =I3 -> 390.2 | K1: =K3 -> 388.4 | M1: =M3 -> 472.6 | O1: =O3 -> 731 | Q1: =Q3 -> 526.4 | S1: =S3 -> 369.6 | U1: =U3 -> 317.8 | W1: =W3 -> 401.7 | Y1: =Y3 -> 577.4 | AA1: =AA3 -> 656.9 | AC1: =AC3 -> 505.3 | AE1: =AE3 -> 299
H2: 1월 | I2: 입금 | J2: 2월 | K2: 입금 | L2: 3월 | M2: 입금 | N2: 4월 | O2: 입금 | P2: 5월 | Q2: 입금 | R2: 6월 | S2: 입금 | T2: 7월 | U2: 입금 | V2: 8월 | W2: 입금 | X2: 9월 | Y2: 입금 | Z2: 10월 | AA2: 입금 | AB2: 11월 | AC2: 입금 | AD2: 12월 | AE2: 입금 | AF2: 평균 | AG2: 수강인원
A3: 과목 | B3: 이름 | C3: 전화번호 | D3: 카테고리 | F3: =SUM(F22,F30,F36,F47,F56) & "만" -> 361만 | I3: =SUM(I8:I143) -> 390.2 | K3: =SUM(K8:K143) -> 388.4 | M3: =SUM(M8:M143) -> 472.6 | O3: =SUM(O8:O143) -> 731 | Q3: =SUM(Q8:Q143) -> 526.4 | S3: =SUM(S8:S143) -> 369.6 | U3: =SUM(U8:U143) -> 317.8 | W3: =SUM(W8:W143) -> 401.7 | Y3: =SUM(Y8:Y143) -> 577.4 | AA3: =SUM(AA8:AA143) -> 656.9 | AC3: =SUM(AC8:AC143) -> 505.3 | AE3: =SUM(AE8:AE10,AE13:AE21,AE25:AE29,AE33:AE35,AE39:AE46,AE50:AE55,AE59:AE132) -> 299 | AF3: =AVERAGE(I3,K3,M3,O3,Q3,S3,U3,W3,Y3,AA3,AC3,AE3) -> 469.69167 | AG3: =SUM(B56,B47,B36,B30,B22) -> 28
A5: 투자 | B5: =SUM(I5,K5,M5,O5,Q5,S5,U5,W5,Y5,AA5,AC5,AE5) -> -390 | H5: 20 | I5: -50 | J5: 25 | K5: -20 | L5: 20 | M5: -30 | N5: 20 | O5: -20 | P5: 20 | Q5: -20 | X5: 13 | Y5: -150 | AB5: 16 | AC5: -100
A7: 외부
B8: 구로 | I8: =구로!D10 -> 3.2 | K8: =구로!E10 -> 6.4 | M8: =구로!F10 -> 31.6 | O8: =구로!G10 -> 23 | Q8: =구로!H10 -> 18.4 | S8: =구로!I10 -> 13.6 | U8: =구로!J10 -> 11.6 | W8: =구로!K10 -> 9.7 | Y8: =구로!L10 -> 11.6 | AA8: =구로!M10 -> 11.6 | AC8: =구로!N10 -> 0 | AE8: =구로!O10 -> 0
B9: 외부24년 | I9: =외부24년!L3 -> 16 | K9: =외부24년!O3 -> 2 | M9: =외부24년!R3 -> 26 | O9: =외부24년!U3 -> 72 | Q9: =외부24년!X3 -> 124 | S9: =외부24년!AA3 -> 4 | U9: =외부24년!AD3 -> 24.2 | W9: =외부24년!AG3 -> 4 | Y9: =외부24년!AJ3 -> 222.8 | AA9: =외부24년!AM3 -> 33.3 | AC9: =외부24년!AP3 -> 17.3 | AE9: =외부24년!AS3 -> 20 | AF9: 합계
B10: 악기대여 | I10: =악기24년!G3 -> 0 | K10: =악기24년!I3 -> 0 | M10: =악기24년!K3 -> 0 | O10: =악기24년!M3 -> 0 | Q10: =악기24년!O3 -> 3 | S10: =악기24년!Q3 -> 0 | U10: =악기24년!S3 -> 0 | W10: =악기24년!U3 -> 0 | Y10: =악기24년!W3 -> 0 | AA10: =악기24년!Y3 -> 0 | AC10: =악기24년!AA3 -> 0 | AE10: =악기24년!AC3 -> 0 | AF10: =SUM(I8:I10,K8:K10,M8:M10,O8:O10,Q8:Q10,S8:S10,U8:U10,W8:W10,Y8:Y10,AA8:AA10,AC8:AC10,AE8:AE10) -> 709.3
F11: =SUM(F8:F10) -> 0
A12: 어린이 개인
A13: 1 | B13: 임하린 | C13: 010-4660-9812 | D13: 어린이개인 | F13: 20 | H13: 24 | I13: 15 | J13: 23 | K13: 15 | L13: 23 | M13: 15 | N13: 23 | O13: 15 | P13: 23 | Q13: 15 | R13: 24 | S13: 15 | T13: 23 | U13: 15 | V13: 23 | W13: 15 | X13: 24 | Y13: 15 | Z13: 23 | AA13: 15 | AB13: 23 | AC13: 15 | AD13: 23 | AE13: 20
A14: 2 | B14: 배이준 | C14: 010-3719-0922 | D14: 어린이개인 | F14: 20 | H14: 20 | I14: 15 | J14: 25 | K14: 15 | L14: 5 | M14: 15 | N14: 15 | O14: 15 | R14: 1 | S14: 15 | V14: 15 | W14: 30 | Z14: 9 | AA14: 15 | AB14: 30 | AC14: 15 | AD14: 18 | AE14: 20
A15: 3 | B15: 변이서 | C15: 010-5599-2831 | D15: 어린이개인 | F15: 20 | J15: 29 | K15: 15 | N15: 1 | O15: 15 | P15: 21 | Q15: 30 | R15: 18 | S15: 15 | T15: 17 | U15: 15 | V15: 29 | W15: 20 | Z15: 12 | AA15: 15 | AB15: 12 | AC15: 15 | AD15: 12 | AE15: 20
A16: 4 | B16: 문도진 | C16: 010-3478-7942 | D16: 어린이개인 | F16: 20 | T16: 17 | U16: 15 | V16: 16 | W16: 15 | X16: 16 | Y16: 15 | Z16: 17 | AA16: 15 | AB16: 17 | AC16: 15 | AD16: 19 | AE16: 20
A17: 5 | B17: 박지윤 | C17: 010-7151-0507 | D17: 어린이개인 | F17: 20 | T17: 24 | U17: 15 | X17: 3 | Y17: 15 | Z17: 3 | AA17: 15 | AB17: 4 | AC17: 15 | AD17: 10 | AE17: 20
A18: 6 | B18: 민다현 | C18: 010-9795-9202 | D18: 어린이개인 | E18: 한은정 | F18: 20 | X18: 2 | Y18: 15 | Z18: 2 | AA18: 15 | AB18: 2 | AC18: 15 | AD18: 3 | AE18: 20
A19: 8 | B19: 김아인 | C19: 010-3128-3122 | D19: 어린이개인 | E19: 김포페이 | F19: 20 | Z19: 27 | AA19: 15 | AD19: 3 | AE19: 20
A20: 9 | B20: 서승아 | C20: 010-9434-6190 | D20: 어린이개인 | E20: 최유나 | F20: 20 | Z20: 31 | AA20: 15 | AB20: 28 | AC20: 15
A22: 총 | B22: 9 | F22: =SUM(F13:F21) -> 160
A24: 어린이 단체
A25: 1,2 | B25: 정승은,서은 | C25: 010-6329-6643 | D25: 어린이단체 | F25: 20 | T25: 23 | U25: 10 | X25: 5 | Y25: 10 | Z25: 29 | AA25: 10 | AB25: 25 | AC25: 10 | AD25: 2 | AE25: 20
A26: 3 | B26: 최유정,정원 | C26: 010-3342-6237 | D26: 어린이단체 | F26: 20 | Z26: 9 | AA26: 10 | AB26: 8 | AC26: 10
A27: 4 | B27: 조설 | C27: 010-4212-5917 | D27: 어린이단체 | F27: 10 | Z27: 31 | AA27: 5 | AB27: 2 | AC27: 5
A30: 총 | B30: 5 | F30: =SUM(F25:F29) -> 50 | AE30: =SUM(I25:I29,K25:K29,M25:M29,O25:O29,Q25:Q29,S25:S29,U25:U29,W25:W29,Y25:Y29,AA25:AA29,AC25:AC29,AE25:AE29) -> 90
A32: 성인 개인
A33: 1 | B33: 임미경 | C33: 010-2316-2915 | D33: 성인개인 | E33: 현금영수증 | F33: 20 | Z33: 4 | AA33: 20 | AB33: 4 | AC33: 20 | AD33: 5 | AE33: 20
A34: 2 | B34: 전문영 | C34: 010-2287-4572 | D34: 성인개인 | F34: 20 | Z34: 30 | AA34: 20 | AB34: 11 | AC34: 20
A36: 총 | B36: 2 | F36: =SUM(F33:F35) -> 40
A38: 성인 단체
A39: 1 | B39: 고영숙 | C39: 010-2293-6349 | D39: 성인단체 | F39: 8 | H39: 2 | I39: 24 | N39: 1 | O39: 24 | T39: 1 | U39: 24 | Z39: 2 | AA39: 24 | AD39: 02일 | AE39: 24
A40: 2 | B40: 김혜정 | C40: 010-5213-0895 | D40: 성인단체 | F40: 10 | H40: 25 | I40: 10 | J40: 22 | K40: 10 | L40: 21 | M40: 10 | N40: 1 | O40: 10 | P40: 1 | Q40: 10 | T40: 17 | U40: 10 | V40: 16 | W40: 10 | X40: 17 | Y40: 10 | Z40: 30 | AA40: 10 | AB40: 18 | AC40: 10
A41: 3 | B41: 김용 | C41: 010-5243-1591 | D41: 성인단체 | F41: 5 | H41: 2 | I41: 5 | J41: 1 | K41: 5 | L41: 1 | M41: 5 | N41: 1 | O41: 5 | P41: 1 | Q41: 5 | R41: 1 | S41: 5 | T41: 1 | U41: 5 | V41: 1 | W41: 5 | X41: 1 | Y41: 5 | Z41: 1 | AA41: 5 | AB41: 1 | AC41: 5 | AD41: 1 | AE41: 5
A42: 4 | B42: 신하린 | C42: 010-2607-4486 | D42: 성인단체 | F42: 10 | H42: 8 | I42: 15 | L42: 22 | M42: 10 | R42: 6 | S42: 10 | X42: 3 | Y42: 10 | Z42: 9 | AA42: 10 | AB42: 13 | AC42: 10
A43: 5 | B43: 윤분숙 | C43: 010-8227-5911 | D43: 성인단체 | F43: 8 | J43: 7 | K43: 8 | L43: 1 | M43: 8 | N43: 1 | O43: 8 | P43: 1 | Q43: 8 | R43: 3 | S43: 8 | T43: 1 | U43: 8 | V43: 1 | W43: 8 | X43: 1 | Y43: 8 | Z43: 1 | AA43: 8 | AB43: 1 | AC43: 8
A44: 6 | B44: 석경남 | C44: 010-5005-5581 | D44: 성인단체 | F44: 10 | L44: 13 | M44: 10 | N44: 3 | O44: 10 | P44: 8 | Q44: 10 | R44: 5 | S44: 10 | T44: 17 | U44: 10 | V44: 7 | W44: 10 | X44: 4 | Y44: 10 | Z44: 5 | AA44: 10 | AB44: 4 | AC44: 10 | AD44: 1 | AE44: 10
A45: 7 | B45: 박상혜 | C45: 010-7375-3111 | D45: 성인단체 | F45: 10 | L45: 20 | M45: 10 | N45: 20 | O45: 10 | P45: 20 | Q45: 10 | V45: 7 | W45: 10 | X45: 4 | Y45: 10 | Z45: 2 | AA45: 10 | AB45: 3 | AC45: 10 | AD45: 5 | AE45: 10
A47: 총 | B47: 7 | F47: =SUM(F39:F46) -> 61
A49: 심화
A50: 1 | B50: 임하린 | C50: 010-4660-9812 | D50: 어린이개인 | F50: 10 | J50: 20 | K50: 10 | L50: 19 | M50: 10 | N50: 19 | O50: 10 | T50: 23 | U50: 10 | V50: 23 | W50: 10 | X50: 24 | Y50: 10 | Z50: 23 | AA50: 10 | AB50: 23 | AC50: 10 | AD50: 23 | AE50: 10
A51: 2 | B51: 박지윤 | C51: 010-7151-0507 | D51: 어린이개인 | F51: 10 | Z51: 26 | AA51: 10 | AB51: 9 | AC51: 10 | AD51: 11 | AE51: 10
A52: 3 | B52: 임하린 | C52: 010-4660-9812 | D52: 어린이개인 | F52: 10 | AB52: 5 | AC52: 10 | AD52: 5 | AE52: 10
A53: 4 | B53: 박지윤 | C53: 010-7151-0507 | D53: 어린이개인 | F53: 10 | AB53: 4 | AC53: 10 | AD53: 11 | AE53: 10
A54: 5 | B54: 배이준 | C54: 010-3719-0922 | D54: 어린이개인 | F54: 10 | AD54: 18 | AE54: 10
A56: 총 | B56: 5 | F56: =SUM(F50:F55) -> 50
A58: 휴식
B60: 공춘희 | C60: 010-9288-9750 | D60: 성인개인 | F60: 20 | H60: 31 | I60: 20 | J60: 28 | K60: 10 | L60: 27 | M60: 10
B61: 최성옥 | C61: 010-8709-5262 | D61: 성인개인 | F61: 15 | H61: 18 | I61: 15 | J61: 15 | K61: 15 | L61: 14 | M61: 15
B62: 김다정 | C62: 010-8234-4080 | D62: 성인개인 | F62: 24 | H62: 28 | I62: 24 | J62: 25 | K62: 24 | L62: 24 | M62: 24 | N62: 21 | O62: 24
B63: 이옥형 | C63: 010-9868-6890 | D63: 성인개인 | F63: 18 | H63: 4 | I63: 18 | J63: 1 | K63: 18 | L63: 29 | M63: 18 | N63: 28 | O63: 18 | P63: 25 | Q63: 18
A64: 1,2 | B64: 우리인력 | C64: 010-5269-3514 | D64: 성인개인 | F64: 40 | H64: 4 | I64: 40 | J64: 19 | K64: 80 | N64: 26 | O64: 80
B65: 김혜숙 | C65: 010-9906-1563 | D65: 성인개인 | F65: 20 | H65: 5 | I65: 20
A66: 4 | B66: 정지원 | C66: 010-9853-1359 | D66: 어린이개인 | F66: 15 | H66: 11 | I66: 15 | J66: 21 | K66: 15 | L66: 14 | N66: 20 | O66: 30 | P66: 21 | Q66: 15 | R66: 21 | S66: 15
A67: 12 | B67: 아름,다움 | C67: 010-2472-0002 | D67: 어린이개인 | F67: 15 | H67: 11 | I67: 20 | J67: 4 | K67: 20 | L67: 29 | M67: 20 | N67: 28 | O67: 20 | P67: 25 | Q67: 20 | V67: 12 | W67: 30 | Z67: 10 | AA67: 30
B68: 이기찬 | C68: 010-3492-7247 | D68: 어린이개인 | F68: 15 | H68: 17 | I68: 15 | J68: 2 | K68: 15 | L68: 2 | M68: 15 | N68: 1 | O68: 15 | P68: 7 | Q68: 15 | R68: 11 | S68: 15 | T68: 1 | U68: 15 | V68: 1 | W68: 15 | X68: 2 | Y68: 15 | Z68: 25 | AA68: 15 | AB68: 4 | AC68: 15
B69: 최은실 | C69: 010-7370-5031 | D69: 성인개인 | F69: 10 | H69: 18 | I69: 20
B70: 이소영 | C70: 010-3492-7247 | D70: 어린이개인 | F70: 15 | H70: 19 | I70: 15 | J70: 27 | K70: 15 | L70: 20 | M70: 15 | N70: 23 | O70: 15 | P70: 21 | Q70: 15 | R70: 25 | S70: 15 | T70: 22 | U70: 15 | V70: 22 | W70: 15 | X70: 20 | Y70: 15 | Z70: 21 | AA70: 15
A71: 4 | B71: 최임이 | C71: 010-3029-9925 | D71: 성인개인 | F71: 10 | H71: 25 | I71: 10 | J71: 28 | K71: 10 | L71: 31 | M71: 10 | R71: 12 | S71: 10
A72: 5 | B72: 이말진 | C72: 010-9873-7764 | D72: 성인개인 | F72: 10 | H72: 28 | I72: 10 | J72: 6 | K72: 10 | L72: 6 | M72: 10 | N72: 1 | O72: 10 | P72: 1 | Q72: 10
B73: 박사랑 | C73: 010-5699-4020 | D73: 어린이개인 | F73: 20 | J73: 5 | K73: 15 | L73: 5 | M73: 15 | N73: 16 | O73: 15 | P73: 7 | Q73: 20 | R73: 3 | S73: 20
B74: 신정인 | C74: 010-9313-2925 | D74: 성안개인 | F74: 15 | J74: 14 | K74: 20 | N74: 11 | O74: 15 | P74: 29 | Q74: 15 | V74: 15 | W74: 15 | Z74: 4 | AA74: 30 | AB74: 7 | AC74: 15
B75: 박창민 | C75: 010-3179-5478 | D75: 어린이개인 | E75: 현금영수증 | F75: 15 | L75: 9 | M75: 15 | N75: 5 | O75: 15 | P75: 6 | Q75: 15 | R75: 4 | S75: 15 | T75: 5 | U75: 15 | V75: 2 | W75: 15 | X75: 3 | Y75: 15 | Z75: 2 | AA75: 15 | AB75: 1 | AC75: 15
B76: 정윤후 | C76: 010-8509-0114 | D76: 어린이개인 | F76: 15 | L76: 9 | M76: 15 | N76: 3 | O76: 15
B77: 김견희 | C77: 010-4446-5630 | D77: 성인개인 | F77: 20 | L77: 9 | M77: 20 | N77: 20 | O77: 20 | P77: 31 | Q77: 20
B78: 윤미호 | C78: 010-8573-7007 | D78: 성인개인 | F78: 20 | L78: 9 | M78: 20 | N78: 20 | O78: 20 | P78: 31 | Q78: 20 | R78: 29 | S78: 20
A79: 심화 | B79: 이순희 | C79: 010-8924-0412 | D79: 성인개인 | F79: 15 | L79: 11 | M79: 15 | N79: 10 | O79: 15 | P79: 10 | Q79: 15 | R79: 11 | S79: 15 | T79: 11 | U79: 15
B80: 김인애 | C80: 010-2284-9060 | D80: 성인개인 | F80: 10 | L80: 13 | M80: 15 | N80: 3 | O80: 10
A81: 심화 | B81: 이소영 | C81: 010-3492-7247 | D81: 어린이개인 | F81: 15 | L81: 20 | M81: 15 | N81: 23 | O81: 15 | P81: 21 | Q81: 15 | R81: 25 | S81: 15 | T81: 22 | U81: 15 | V81: 22 | W81: 15 | X81: 20 | Y81: 15
A82: 심화 | B82: 이소영 | C82: 010-3492-7247 | D82: 어린이개인 | F82: 10 | L82: 20 | M82: 20 | N82: 23 | O82: 10 | P82: 21 | Q82: 10 | R82: 25 | S82: 10 | T82: 22 | U82: 10 | V82: 22 | W82: 10 | X82: 20 | Y82: 10
A83: 심화 | B83: 변이서 | C83: 010-5599-2831 | D83: 어린이개인 | F83: 10 | N83: 3 | O83: 10 | P83: 1 | Q83: 10
A84: 심화 | B84: 박상혜 | C84: 010-7375-3111 | D84: 성인개인 | F84: 10 | N84: 8 | O84: 10 | P84: 8 | Q84: 10
B85: 장유진 | C85: 010-4162-0308 | D85: 성인단체 | F85: 10 | N85: 17 | O85: 10
B86: 임인숙 | C86: 010-5467-4618 | D86: 성인단체 | F86: 10 | N86: 18 | O86: 10
A87: 심화 | B87: 이말진 | C87: 010-9873-7764 | D87: 성인개인 | F87: 20 | N87: 20 | O87: 10 | P87: 22 | Q87: 10 | T87: 10 | U87: 10 | V87: 9 | W87: 20 | X87: 6 | Y87: 20
B88: 김하윤 | C88: 010-4712-5166 | D88: 어린이개인 | F88: 20 | N88: 20 | O88: 22 | R88: 1 | S88: 20
B89: 김미지 | C89: 010-5417-9612 | D89: 어린이개인 | F89: 20 | N89: 24 | O89: 20
B90: 김지온 | C90: 010-4632-5166 | D90: 어린이개인 | F90: 20 | N90: 25 | O90: 20 | R90: 1 | S90: 20
A91: 심화 | B91: 윤미호,김견희 | C91: 010-8573-7007 | D91: 성인단체 | F91: 5 | P91: 31 | Q91: 10 | R91: 29 | S91: 5
B92: 김서현 | C92: 010-4338-7108 | D92: 어린이개인 | F92: 15 | R92: 12 | S92: 15 | T92: 12 | U92: 15 | V92: 12 | W92: 15 | X92: 15 | Y92: 15 | Z92: 12 | AA92: 15 | AB92: 12 | AC92: 15
A93: 장구 | B93: 하성순 | C93: 010-9588-2292 | D93: 성인단체 | F93: 8 | R93: 20 | S93: 4
B94: 음채원 | C94: 010-9185-1003 | D94: 어린이개인 | F94: 15 | R94: 27 | S94: 15 | V94: 5 | W94: 15 | X94: 2 | Y94: 15
B95: 김우준 | C95: 010-9428-8341 | D95: 어린이개인 | F95: 20 | T95: 16 | U95: 20
B96: 정창훈 | C96: 010-9783-0056 | D96: 성인개인 | F96: 20 | V96: 16 | W96: 20
A97: 심화 | B97: 이소영 | C97: 010-3492-7247 | D97: 어린이개인 | F97: 15 | X97: 6 | Y97: 15
B98: 안채은 | C98: 010-7417-5587 | D98: 어린이개인 | F98: 15 | X98: 9 | Y98: 15 | Z98: 12 | AA98: 15 | AB98: 14 | AC98: 15
B99: 최유정,정원 | C99: 010-3342-6237 | D99: 어린이단체 | E99: 김포페이 | F99: 20 | Z99: 9 | AA99: 20 | AB99: 8 | AC99: 20
B100: 오유민 | C100: 010-9361-5682 | D100: 어린이개인 | F100: 20 | Z100: 12 | AA100: 20
B101: 김라온 | C101: 010-5059-9260 | D101: 어린이개인 | F101: 15 | Z101: 23일 | AA101: 15
A102: 심화 | B102: 안채은 | C102: 010-7417-5587 | D102: 어린이개인 | F102: 10 | Z102: 25 | AA102: 10
B103: 안채아 | C103: 010-7417-5587 | D103: 어린이개인 | F103: 15 | Z103: 25 | AA103: 15
B104: 조설 | C104: 010-4212-5917 | D104: 어린이개인 | E104: 현금영수증 | F104: 15 | Z104: 31 | AA104: 15 | AB104: 2 | AC104: 15
B105: 현수린 | C105: 010-9720-6360 | D105: 성인개인 | F105: 20 | AB105: 4 | AC105: 20
A106: 심화 | B106: 안채은 | C106: 010-7417-5587 | D106: 어린이개인 | F106: 15 | AB106: 6 | AC106: 15
A107: 시창 | B107: 안채은 | C107: 010-7417-5587 | D107: 어린이개인 | F107: 10 | AB107: 6 | AC107: 10
F111: =SUM(F64:F110) -> 678
A114: 합창휴식
B115: 정지원 | C115: 010-9853-1359 | D115: 어린이단체 | F115: 5 | H115: 11 | I115: 5 | J115: 21 | K115: 5 | L115: 14 | N115: 20 | O115: 10 | P115: 21 | Q115: 5 | R115: 21 | S115: 5
B116: 이소영 | C116: 010-3492-7247 | D116: 어린이단체 | F116: 5 | J116: 27 | K116: 5 | L116: 20 | M116: 5 | N116: 23 | O116: 5
B117: 임하린 | C117: 010-4660-9812 | D117: 어린이단체 | F117: 5 | H117: 24 | I117: 5 | J117: 23 | K117: 5 | L117: 23 | M117: 5 | N117: 23 | O117: 5 | X117: 24 | Y117: 5 | Z117: 23 | AA117: 5 | AB117: 23 | AC117: 5
B118: 이기찬 | C118: 010-3492-7247 | D118: 어린이단체 | F118: 5 | H118: 17 | I118: 5 | R118: 11 | S118: 5 | X118: 5 | Y118: 5 | Z118: 2 | AA118: 5 | AB118: 4 | AC118: 5
B119: 배이준 | C119: 010-3719-0922 | D119: 어린이단체 | F119: 5 | H119: 20 | I119: 5 | L119: 5 | M119: 5 | V119: 15 | W119: 5 | Z119: 9 | AA119: 5 | AB119: 30 | AC119: 5
...

Sheet 25년
A1: 입금 | B1: =SUM(I3,K3,M3,O3,Q3,S3,U3,W3,Y3,AA3,AC3,AE3) -> 5156.7 | C1: 단체 | D1: =SUM(AE25) -> 340 | E1: NI | F1: =SUM(B1-D1) -> 4816.7 | I1: =I3 -> 418.9 | K1: =K3 -> 322.5 | M1: =M3 -> 452 | O1: =O3 -> 323.5 | Q1: =Q3 -> 549.7 | S1: =S3 -> 391 | U1: =U3 -> 410.1 | W1: =W3 -> 263.5 | Y1: =Y3 -> 439.7 | AA1: =AA3 -> 812.8 | AC1: =AC3 -> 518 | AE1: =AE3 -> 255
H2: 1월 | I2: 입금 | J2: 2월 | K2: 입금 | L2: 3월 | M2: 입금 | N2: 4월 | O2: 입금 | P2: 5월 | Q2: 입금 | R2: 6월 | S2: 입금 | T2: 7월 | U2: 입금 | V2: 8월 | W2: 입금 | X2: 9월 | Y2: 입금 | Z2: 10월 | AA2: 입금 | AB2: 11월 | AC2: 입금 | AD2: 12월 | AE2: 입금 | AG2: 평균 | AH2: 수강인원
A3: 과목 | B3: 이름 | C3: 전화번호 | D3: 카테고리 | E3: 추천경로 | F3: =SUM(F17,F25,F33,F48) & "만" -> 326만 | I3: =SUM(I6:I87) -> 418.9 | K3: =SUM(K6:K87) -> 322.5 | M3: =SUM(M6:M87) -> 452 | O3: =SUM(O6:O87) -> 323.5 | Q3: =SUM(Q6:Q87) -> 549.7 | S3: =SUM(S6:S87) -> 391 | U3: =SUM(U6:U87) -> 410.1 | W3: =SUM(W6:W87) -> 263.5 | Y3: =SUM(Y6:Y87) -> 439.7 | AA3: =SUM(AA6:AA87) -> 812.8 | AC3: =SUM(AC6:AC87) -> 518 | AE3: =SUM(AE6:AE7,AE10:AE16,AE20:AE24,AE36:AE47) -> 255 | AG3: =AVERAGE(I3,K3,M3,O3,Q3,S3,U3,W3,Y3,AA3,AC3,AE3) -> 429.725 | AH3: =SUM(B17,B25,B48) -> 26
A5: 외부
B6: 외부25년 | I6: =외부25년!K3 -> 125.9 | K6: =외부25년!N3 -> 49.5 | M6: =외부25년!Q3 -> 35 | O6: =외부25년!T3 -> 30.5 | Q6: =외부25년!W3 -> 246.7 | S6: =외부25년!Z3 -> 74 | U6: =외부25년!AC3 -> 117.1 | W6: =외부25년!AF3 -> 40.5 | Y6: =외부25년!AI3 -> 196.7 | AA6: =외부25년!AL3 -> 557.8 | AC6: =외부25년!AO3 -> 275 | AE6: =외부25년!AR3 -> 22
B7: 악기대여 | I7: =악기25년!G3 -> 0 | K7: =악기25년!I3 -> 0 | M7: =악기25년!K3 -> 0 | O7: =악기25년!M3 -> 0 | Q7: =악기25년!O3 -> 0 | S7: =악기25년!Q3 -> 0 | U7: =악기25년!S3 -> 0 | W7: =악기25년!U3 -> 0 | Y7: =악기25년!W3 -> 0 | AA7: =악기25년!Y3 -> 0 | AC7: =악기25년!AA3 -> 0 | AE7: =악기25년!AC3 -> 0
F8: =SUM(F6:F7) -> 0
A9: 어린이 개인
A10: 1 | B10: 배이준 | C10: 010-3719-0922 | D10: 어린이개인 | F10: 20 | J10: 10 | K10: 20 | L10: 13 | M10: 20 | N10: 15 | O10: 20 | P10: 21 | Q10: 20 | R10: 1 | S10: 30 | T10: 15 | U10: 10 | X10: 2 | Y10: 20 | Z10: 25 | AA10: 20 | AB10: 20 | AC10: 20
A11: 2 | B11: 변이서 | C11: 010-5599-2831 | D11: 어린이개인 | F11: 20 | H11: 10 | I11: 20 | J11: 12 | K11: 20 | L11: 11 | M11: 20 | N11: 15 | O11: 20 | P11: 13 | Q11: 20 | R11: 11 | S11: 20 | T11: 20 | U11: 20 | V11: 18 | W11: 20 | X11: 18 | Y11: 20 | Z11: 15 | AA11: 20 | AB11: 25 | AC11: 20 | AD11: 28 | AE11: 20
A12: 3 | B12: 문도진 | C12: 010-3478-7942 | D12: 어린이개인 | F12: 20 | H12: 18 | I12: 20 | J12: 17 | K12: 20 | L12: 17 | M12: 20 | N12: 17 | O12: 20 | P12: 17 | Q12: 20 | R12: 17 | S12: 20 | T12: 17 | U12: 20 | V12: 20 | W12: 20 | X12: 20 | Y12: 20 | Z12: 20 | AA12: 20 | AB12: 20 | AC12: 20 | AD12: 20 | AE12: 20
A13: 4 | B13: 고나은 | C13: 010-4552-3662 | D13: 어린이개인 | E13: 현금영수증 | F13: 20 | L13: 28 | M13: 20 | N13: 28 | O13: 20 | P13: 26 | Q13: 20 | T13: 7 | U13: 20 | V13: 28 | W13: 20 | X13: 16 | Y13: 20 | Z13: 6 | AA13: 20 | AB13: 10 | AC13: 20 | AD13: 8 | AE13: 20
A14: 5 | B14: 최재인 | C14: 010-4046-5528 | D14: 어린이개인 | F14: 30 | P14: 2 | Q14: 20 | R14: 6 | S14: 20 | T14: 7 | U14: 10 | V14: 10 | W14: 10 | X14: 9 | Y14: 10 | Z14: 14 | AA14: 30 | AB14: 11 | AC14: 30 | AD14: 11 | AE14: 30
A15: 6 | B15: 강서은 | C15: 010-4230-0069 | D15: 어린이개인 | F15: 20 | Z15: 28 | AA15: 10 | AD15: 3 | AE15: 20
A17: 총 | B17: 6 | F17: =SUM(F10:F16) -> 130
A19: 어린이 단체
A20: 1 | B20: 민다현 | C20: 010-9795-9202 | D20: 어린이단체 | E20: 한은정 | F20: 10 | H20: 6 | I20: 20 | J20: 3 | K20: 20 | L20: 11 | M20: 10 | N20: 4 | O20: 10 | P20: 7 | Q20: 10 | R20: 8 | S20: 10 | T20: 1 | U20: 10 | V20: 6 | W20: 10 | X20: 5 | Y20: 10 | Z20: 10 | AA20: 10 | AB20: 5 | AC20: 10 | AD20: 5 | AE20: 10
A21: 2,3 | B21: 정승은,서은 | C21: 010-6329-6643 | D21: 어린이단체 | E21: 이윤실 | F21: 20 | L21: 11 | M21: 20 | N21: 23 | O21: 20 | P21: 25 | Q21: 20 | T21: 16 | U21: 20 | V21: 5 | W21: 20 | X21: 1 | Y21: 20 | Z21: 1 | AA21: 20 | AB21: 18 | AC21: 20 | AD21: 8 | AE21: 20
A22: 4 | B22: 서승아 | C22: 010-9434-6190 | D22: 어린이단체 | F22: 10 | AB22: 19 | AC22: 10 | AD22: 9 | AE22: 10
A23: 5,6 | B23: 이율,이윤 | C23: 010-2718-0838 | D23: 어린이단체 | F23: 0
A25: 총 | B25: 6 | F25: =SUM(F20:F24) -> 40 | AE25: =SUM(I20:I24,K20:K24,M20:M24,O20:O24,Q20:Q24,S20:S24,U20:U24,W20:W24,Y20:Y24,AA20:AA24,AC20:AC24,AE20:AE24) -> 340
A27: 성인 개인
A28: 1 | B28: 고영숙 | C28: 010-2293-6349 | D28: 성인개인 | F28: 10 | N28: 11 | O28: 10 | P28: 30 | Q28: 10 | R28: 4 | S28: 10 | T28: 3 | U28: 10 | V28: 1 | W28: 10 | X28: 1 | Y28: 10 | Z28: 1 | AA28: 10 | AB28: 6 | AC28: 10 | AD28: 5 | AE28: 10
A29: 2 | B29: 임미경 | C29: 010-2316-2915 | D29: 성인개인 | E29: 현금영수증 | F29: 20 | H29: 7 | I29: 20 | J29: 4 | K29: 20 | L29: 10 | M29: 20 | N29: 15 | O29: 20 | P29: 12 | Q29: 20 | R29: 11 | S29: 20 | T29: 14 | U29: 20 | V29: 12 | W29: 20 | X29: 15 | Y29: 20 | AB29: 10 | AC29: 20 | AD29: 15 | AE29: 20
A30: 3 | B30: 조현자 | C30: 010-5410-9767 | D30: 성인개인 | F30: 20 | AD30: 1 | AE30: 20
A31: 4 | B31: 전수연 | C31: 010-7746-9181 | D31: 성인개인 | F31: 15 | AD31: 12 | AE31: 15
A33: 총 | B33: 9 | F33: =SUM(F28:F32) -> 65
A35: 성인 단체
A36: 1 | B36: 고영숙 | C36: 010-2293-6349 | D36: 성인단체 | F36: 8 | L36: 4 | M36: 24 | R36: 4 | S36: 24 | Z36: 1 | AA36: 24
A37: 2 | B37: 김용 | C37: 010-5243-1591 | D37: 성인단체 | F37: 5 | H37: 1 | I37: 5 | J37: 1 | K37: 5 | L37: 1 | M37: 5 | N37: 1 | O37: 5 | P37: 1 | Q37: 5 | R37: 1 | S37: 5 | T37: 1 | U37: 5 | V37: 1 | W37: 5 | X37: 1 | Y37: 5 | AB37: 1 | AC37: 5 | AD37: 1 | AE37: 5
A38: 3 | B38: 윤분숙 | C38: 010-8227-5911 | D38: 성인단체 | F38: 8 | H38: 1 | I38: 8 | J38: 1 | K38: 8 | L38: 1 | M38: 8 | N38: 1 | O38: 8 | P38: 1 | Q38: 8 | R38: 1 | S38: 8 | T38: 1 | U38: 8 | V38: 1 | W38: 8 | X38: 1 | Y38: 8 | Z38: 1 | AA38: 8 | AB38: 1 | AC38: 8 | AD38: 1 | AE38: 8
A39: 4 | B39: 석경남 | C39: 010-5005-5581 | D39: 성인단체 | F39: 10 | H39: 01일 | I39: 10 | J39: 5 | K39: 10 | L39: 27 | M39: 10 | N39: 31 | O39: 10 | P39: 1 | Q39: 10 | R39: 1 | S39: 10 | T39: 1 | U39: 10 | V39: 27 | W39: 10 | X39: 30 | Y39: 10 | Z39: 29 | AA39: 10 | AD39: 1 | AE39: 10
A40: 5 | B40: 박상혜 | C40: 010-7375-3111 | D40: 성인단체 | F40: 10 | H40: 8 | I40: 10 | J40: 5 | K40: 10 | L40: 5 | M40: 10 | N40: 4 | O40: 10 | P40: 10 | Q40: 10 | R40: 7 | S40: 10 | T40: 3 | U40: 10 | V40: 6 | W40: 10 | X40: 5 | Y40: 10 | Z40: 14 | AA40: 10 | AB40: 14 | AC40: 10 | AD40: 1 | AE40: 10
A41: 6 | B41: 유영순 | C41: 010-5284-4457 | D41: 성인단체 | F41: 10 | H41: 1 | I41: 10 | J41: 2 | K41: 10 | L41: 4 | M41: 10 | N41: 1 | O41: 10 | P41: 1 | Q41: 10 | R41: 1 | S41: 10 | T41: 1 | U41: 10 | V41: 1 | W41: 10 | X41: 1 | Y41: 10 | Z41: 1 | AA41: 10 | AB41: 2 | AC41: 10 | AD41: 1 | AE41: 10
A42: 7 | B42: 이말진 | C42: 010-9873-7764 | D42: 성인단체 | F42: 10 | H42: 2 | I42: 10 | J42: 5 | K42: 10 | L42: 4 | M42: 10 | N42: 2 | O42: 10 | P42: 5 | Q42: 10 | R42: 4 | S42: 10 | T42: 2 | U42: 10 | V42: 6 | W42: 10 | X42: 1 | Y42: 10 | Z42: 2 | AA42: 10 | AB42: 1 | AC42: 10 | AD42: 1 | AE42: 10
A43: 9 | B43: 김혜정 | C43: 010-5213-0895 | D43: 성인단체 | F43: 10 | L43: 14 | M43: 10 | N43: 14 | O43: 10 | P43: 14 | Q43: 10 | R43: 14 | S43: 10 | T43: 14 | U43: 20 | V43: 13 | W43: 20 | X43: 14 | Y43: 10 | Z43: 14 | AA43: 10 | AB43: 16 | AC43: 10
A44: 10 | B44: 박마리나 | C44: 010-5763-6356 | D44: 성인단체 | F44: 10 | R44: 28 | S44: 10 | T44: 19 | U44: 10 | AB44: 24 | AC44: 10 | AD44: 22 | AE44: 10
A45: 11 | B45: 홍유정 | C45: 010-3144-7294 | D45: 성인단체 | F45: 10 | Z45: 13 | AA45: 13 | AD45: 5 | AE45: 10
A46: 14 | B46: 오윤분 | C46: 010-5377-1304 | D46: 성인단체 | AD46: 24 | AE46: 10
A48: 총 | B48: 14 | F48: =SUM(F36:F47) -> 91
A51: 휴식
B52: 최유정,정원 | C52: 010-3342-6237 | D52: 어린이단체 | F52: 20 | H52: 8 | I52: 20
B53: 김하윤 | C53: 010-4712-5166 | D53: 어린이단체 | F53: 10 | H53: 7 | I53: 10
B54: 전문영 | C54: 010-2287-4572 | D54: 성인개인 | F54: 20 | H54: 16 | I54: 20
B55: 송지은 | C55: 010-3708-8676 | D55: 성인단체 | F55: 10 | H55: 27 | I55: 10
B56: 임하린 | C56: 010-4660-9812 | D56: 어린이개인 | F56: 20 | H56: 24 | I56: 30
B57: 마이한 | C57: 010-5584-4260 | D57: 어린이개인 | F57: 20 | H57: 9 | I57: 20
B58: 임하린 | C58: 010-4660-9812 | D58: 어린이단체 | F58: 10 | H58: 5 | I58: 10 | J58: 5 | K58: 10
B59: 유지연 | C59: 010-3858-4019 | D59: 성인개인 | F59: 80 | J59: 5 | K59: 80 | L59: 8 | M59: 80
B60: 권진영 | C60: 010-7749-6504 | D60: 성인개인 | F60: 20 | L60: 22 | M60: 20
B61: 고인경 | D61: 성인단체 | F61: 10 | L61: 16 | M61: 10
B62: 김명신 | C62: 010-7788-6527 | D62: 성인단체 | F62: 10 | P62: 28 | Q62: 10
B63: 이두리 | C63: 010-6730-6798 | D63: 어린이개인 | F63: 20 | L63: 30 | M63: 20 | N63: 26 | O63: 20
B64: 서승아 | C64: 010-9434-6190 | D64: 어린이개인 | E64: 최유나 | F64: 20 | H64: 10 | I64: 20 | J64: 5 | K64: 20 | L64: 5 | M64: 20 | N64: 1 | O64: 20 | P64: 13 | Q64: 20 | R64: 10 | S64: 20
B65: 배이준 | C65: 010-3719-0922 | D65: 어린이단체 | F65: 10 | J65: 10 | K65: 10 | L65: 13 | M65: 10 | N65: 15 | O65: 10 | P65: 21 | Q65: 10
B66: 이말진 | C66: 010-9873-7764 | D66: 성인개인 | F66: 10 | L66: 4 | M66: 10 | N66: 2 | O66: 10 | P66: 5 | Q66: 10
B67: 박상혜 | C67: 010-7375-3111 | D67: 성인개인 | F67: 10 | L67: 5 | M67: 10 | N67: 4 | O67: 10 | P67: 10 | Q67: 10 | R67: 7 | S67: 10
B68: 권하윤 | C68: 010-6330-3183 | D68: 어린이개인 | E68: 2주에한번 | F68: 20 | H68: 4 | I68: 20 | L68: 8 | M68: 20 | N68: 5 | O68: 20 | P68: 16 | Q68: 20 | R68: 27 | S68: 20
B69: 박은하 | C69: 010-6721-2801 | D69: 성인개인 | E69: 한서후 | F69: 20 | T69: 19 | U69: 20 | V69: 20 | W69: 20
B70: 김정자 | C70: 010-5554-8733 | D70: 성인단체 | F70: 10 | T70: 18 | U70: 10
B71: 권영희 | C71: 010-9554-8015 | D71: 성인개인 | F71: 20 | R71: 11 | S71: 20 | T71: 11 | U71: 20
B72: 김규리 | C72: 010-3542-7808 | D72: 성인개인 | F72: 30 | X72: 11 | Y72: 30
B73: 심은재 | C73: 010-3395-2897 | D73: 어린이개인 | E73: 고은혜 | F73: 20 | R73: 7 | S73: 20 | T73: 7 | U73: 20
F76: =SUM(F52:F75) -> 420

Sheet 26년
A1: 입금 | B1: =SUM(I3,K3,M3,O3,Q3,S3,U3,W3,Y3,AA3,AC3,AE3) -> 1551 | C1: 단체 | D1: =SUM(AE31) -> 190 | E1: NI | F1: =SUM(B1-D1) -> 1361 | I1: =I3 -> 498 | K1: =K3 -> 416 | M1: =M3 -> 572 | O1: =O3 -> 65 | Q1: =Q3 -> 0 | S1: =S3 -> 0 | U1: =U3 -> 0 | W1: =W3 -> 0 | Y1: =Y3 -> 0 | AA1: =AA3 -> 0 | AC1: =AC3 -> 0 | AE1: =AE3 -> 0
H2: 1월 | I2: 입금 | J2: 2월 | K2: 입금 | L2: 3월 | M2: 입금 | N2: 4월 | O2: 입금 | P2: 5월 | Q2: 입금 | R2: 6월 | S2: 입금 | T2: 7월 | U2: 입금 | V2: 8월 | W2: 입금 | X2: 9월 | Y2: 입금 | Z2: 10월 | AA2: 입금 | AB2: 11월 | AC2: 입금 | AD2: 12월 | AE2: 입금 | AG2: 평균 | AH2: 수강인원
A3: 과목 | B3: 이름 | C3: 전화번호 | D3: 카테고리 | E3: 추천경로 | F3: =SUM(F5,F18,F31,F59,F44) & "만" -> 553만 | I3: =SUM(I5:I101) -> 498 | K3: =SUM(K5:K101) -> 416 | M3: =SUM(M5:M101) -> 572 | O3: =SUM(O5:O101) -> 65 | Q3: =SUM(Q5:Q101) -> 0 | S3: =SUM(S5:S101) -> 0 | U3: =SUM(U5:U101) -> 0 | W3: =SUM(W5:W101) -> 0 | Y3: =SUM(Y5:Y101) -> 0 | AA3: =SUM(AA5:AA101) -> 0 | AC3: =SUM(AC5:AC101) -> 0 | AE3: =SUM(AE5:AE5,AE8:AE17,AE21:AE30,AE34:AE43,AE47:AE58) -> 0 | AG3: =AVERAGE(I3,K3,M3,O3,Q3,S3,U3,W3,Y3,AA3,AC3,AE3) -> 129.25 | AH3: =SUM(B18,B31,B44,B59) -> 40
A4: 외부
B5: 외부26년 | I5: =외부26년!L3 -> 196 | K5: =외부26년!O3 -> 103 | M5: =외부26년!R3 -> 57 | O5: =외부26년!U3 -> 0 | Q5: =외부26년!X3 -> 0 | S5: =외부26년!AA3 -> 0 | U5: =외부26년!AD3 -> 0 | W5: =외부26년!AG3 -> 0 | Y5: =외부26년!AJ3 -> 0 | AA5: =외부26년!AM3 -> 0 | AC5: =외부26년!AP3 -> 0 | AE5: =외부26년!AS3 -> 0
A7: 어린이 개인
A8: 1 | B8: 배이준 | C8: 010-3719-0922 | D8: 어린이개인 | F8: 20 | L8: 4 | M8: 20
A9: 2 | B9: 변이서 | C9: 010-5599-2831 | D9: 어린이개인 | F9: 20 | L9: 24 | M9: 20
A10: 3 | B10: 문도진 | C10: 010-3478-7942 | D10: 어린이개인 | F10: 20 | H10: 20 | I10: 20 | J10: 20 | K10: 20 | L10: 20 | M10: 20
A11: 4 | B11: 고나은 | C11: 010-4552-3662 | D11: 어린이개인 | E11: 현금영수증 | F11: 20 | H11: 8 | I11: 20 | J11: 9 | K11: 20 | L11: 17 | M11: 20
A12: 5 | B12: 최재인 | C12: 010-4046-5528 | D12: 어린이개인 | F12: 30 | H12: 20 | I12: 30 | J12: 12 | K12: 30 | L12: 23 | M12: 30
A13: 6 | B13: 강서은 | C13: 010-4230-0069 | D13: 어린이개인 | E13: 강창엽 | F13: 20 | H13: 2 | I13: 20 | J13: 4 | K13: 20 | L13: 3 | M13: 20 | N13: 1 | O13: 20
A14: 7 | B14: 이하빈 | C14: 010-5586-8174 | D14: 어린이개인 | F14: 30 | L14: 5 | M14: 20
A15: 8 | B15: 민다현 | C15: 010-9795-9202 | D15: 어린이개인 | E15: 한은정 | F15: 20 | H15: 5 | I15: 10 | J15: 5 | K15: 10 | L15: 6 | M15: 10
A16: 9 | B16: 서승아 | C16: 010-9434-6190 | D16: 어린이개인 | F16: 20 | H16: 13 | I16: 10 | J16: 11 | K16: 10 | L16: 17 | M16: 10
A18: 총 | B18: 9 | F18: =SUM(F8:F17) -> 200
A20: 어린이 단체
A21: 1,2 | B21: 정승은,서은 | C21: 010-6329-6643 | D21: 어린이단체 | E21: 이윤실 | F21: 20 | H21: 23 | I21: 20 | J21: 27 | K21: 20 | L21: 1 | M21: 20
A22: 3 | B22: 박하늘 | C22: 010-2116-0516 | D22: 어린이단체 | F22: 10 | H22: 2 | I22: 10 | J22: 2 | K22: 10 | L22: 15 | M22: 10
A23: 4 | B23: 장수민 | C23: 010-3993-5005 | D23: 어린이단체 | F23: 10 | J23: 24 | K23: 10 | L23: 31 | M23: 10
A24: 5,6 | B24: 최시월,소월 | C24: 010-3014-5953 | D24: 어린이단체 | E24: 카드 | F24: 20 | J24: 27 | K24: 20 | L24: 31 | M24: 20
A25: 7 | B25: 조영주 | C25: 010-9976-0486 | D25: 어린이단체 | E25: 네이버 | F25: 10 | L25: 10 | M25: 10
A26: 8 | B26: 이채원 | C26: 010-2872-9713 | D26: 어린이단체 | E26: 민다현 | F26: 10 | L26: 25 | M26: 10
A27: 9 | B27: 강이연 | C27: 010-9048-7358 | D27: 어린이단체 | F27: 10 | L27: 31 | M27: 10
A28: 10 | B28: 정서빈 | C28: 010-6502-8261 | D28: 어린이단체 | F28: 10 | L28: 31 | M28: 10
A30: 11,12 | B30: 이율,이윤 | C30: 010-2718-0838 | D30: 어린이단체 | F30: 0
A31: 총 | B31: 12 | F31: =SUM(F21:F30) -> 100 | AE31: =SUM(I21:I30,K21:K30,M21:M30,O21:O30,Q21:Q30,S21:S30,U21:U30,W21:W30,Y21:Y30,AA21:AA30,AC21:AC30,AE21:AE30) -> 190
A33: 성인 개인
A34: 1 | B34: 고영숙 | C34: 010-2293-6349 | D34: 성인개인 | F34: 10 | H34: 5 | I34: 10 | J34: 5 | K34: 10 | L34: 6 | M34: 10
A35: 2 | B35: 이말진 | C35: 010-9873-7764 | D35: 성인개인 | F35: 10 | H35: 8 | I35: 10 | J35: 2 | K35: 20 | L35: 4 | M35: 10 | N35: 1 | O35: 10
A36: 3 | B36: 임미경 | C36: 010-2316-2915 | D36: 성인개인 | E36: 현금영수증 | F36: 20 | H36: 14 | I36: 20 | J36: 10 | K36: 20 | L36: 16 | M36: 20
A37: 4 | B37: 박마리나 | C37: 010-5763-6356 | D37: 성인개인 | F37: 20 | L37: 24 | M37: 20
A38: 5 | B38: 홍유정 | C38: 010-3144-7294 | D38: 성인개인 | F38: 20 | H38: 31 | I38: 20 | L38: 14 | M38: 20
A39: 6 | B39: 조현자 | C39: 010-5410-9767 | D39: 성인개인 | F39: 20 | H39: 10 | I39: 20 | J39: 12 | K39: 20 | L39: 12 | M39: 20
A40: 7 | B40: 전수연 | C40: 010-7746-9181 | D40: 성인개인 | F40: 20 | H40: 14 | I40: 15 | J40: 25 | K40: 20 | L40: 25 | M40: 20
A41: 8 | B41: 김다정 | C41: 010-8234-4080 | D41: 성인개인 | F41: 10 | J41: 11 | K41: 10 | L41: 11 | M41: 10
A42: 9 | B42: 김규리 | C42: 010-3542-7808 | D42: 성인개인 | F42: 20
A44: 총 | B44: 9 | F44: =SUM(F34:F43) -> 150
A46: 성인 단체
B47: 고영숙 | C47: 010-2293-6349 | D47: 성인단체 | F47: 8 | H47: 5 | I47: 24
A48: 1 | B48: 김용 | C48: 010-5243-1591 | D48: 성인단체 | F48: 5 | H48: 1 | I48: 5 | J48: 1 | K48: 5 | L48: 1 | M48: 5 | N48: 1 | O48: 5
A49: 2 | B49: 윤분숙 | C49: 010-8227-5911 | D49: 성인단체 | F49: 10 | H49: 2 | I49: 8 | J49: 1 | K49: 8 | L49: 1 | M49: 10 | N49: 1 | O49: 10
A50: 3 | B50: 석경남 | C50: 010-5005-5581 | D50: 성인단체 | F50: 10 | H50: 1 | I50: 10 | J50: 2 | K50: 10 | L50: 1 | M50: 10 | N50: 1 | O50: 10
A51: 4 | B51: 박상혜 | C51: 010-7375-3111 | D51: 성인단체 | F51: 10 | H51: 7 | I51: 10 | J51: 4 | K51: 10 | L51: 1 | M51: 10
A52: 5 | B52: 유영순 | C52: 010-5284-4457 | D52: 성인단체 | F52: 10 | H52: 2 | I52: 10 | J52: 2 | K52: 10 | L52: 2 | M52: 10 | N52: 1 | O52: 10
A53: 6 | B53: 김혜정 | C53: 010-5213-0895 | D53: 성인단체 | F53: 10 | L53: 26 | M53: 10
A54: 7 | B54: 이순란 | C54: 010-7298-0479 | D54: 성인단체 | E54: 윤분숙 | F54: 10 | L54: 11 | M54: 10
A55: 8 | B55: 최명애 | C55: 010-4664-1609 | D55: 성인단체 | E55: 당근 | F55: 10 | L55: 18 | M55: 10
A56: 9 | B56: 정서윤 | C56: 010-8909-7717 | D56: 성인단체 | E56: 당근 | F56: 10 | L56: 18 | M56: 30
A57: 10 | B57: 권해인 | C57: 010-5008-8456 | D57: 성인단체 | E57: 블로그 | F57: 10 | L57: 26 | M57: 10
A59: 총 | B59: 10 | F59: =SUM(F47:F58) -> 103
A61: 휴식
A62: 7 | B62: 오윤분 | C62: 010-5377-1304 | D62: 성인단체 | F62: 10
A63: 10 | B63: 강호진 | C63: 010-6737-3227 | D63: 성인단체 | E63: GPT | F63: 10
F90: =SUM(F62:F89) -> 20

Sheet 외부24년
A1: 총 입금 | B1: =SUM(K3,N3,Q3,T3,W3,Z3,AC3,AF3,AI3,AL3,AO3,AR3) -> 765.6 | C1: 총 수입 | D1: =SUM(L3,O3,R3,U3,X3,AA3,AD3,AG3,AJ3,AM3,AP3,AS3) -> 565.6
G2: 수강료 | H2: 수입 | I2: 비고 | J2: 1월 | K2: 입금 | L2: 수입 | M2: 2월 | N2: 입금 | O2: 수입 | P2: 3월 | Q2: 입금 | R2: 수입 | S2: 4월 | T2: 입금 | U2: 수입 | V2: 5월 | W2: 입금 | X2: 수입 | Y2: 6월 | Z2: 입금 | AA2: 수입 | AB2: 7월 | AC2: 입금 | AD2: 수입 | AE2: 8월 | AF2: 입금 | AG2: 수입 | AH2: 9월 | AI2: 입금 | AJ2: 수입 | AK2: 10월 | AL2: 입금 | AM2: 수입 | AN2: 11월 | AO2: 입금 | AP2: 수입 | AQ2: 12월 | AR2: 입금 | AS2: 수입
A3: 번호 | B3: 이름 | C3: 전화번호 | D3: 과목 | E3: 개인/단체 | F3: 수업 시간 | G3: =SUM(G5:G55) -> 44 | H3: =SUM(H5:H55) -> 4 | K3: =SUM(K4:K91) -> 36 | L3: =SUM(K4:K91)-SUM(L4:L91) -> 16 | N3: =SUM(N4:N91) -> 12 | O3: =SUM(N4:N91)-SUM(O4:O91) -> 2 | Q3: =SUM(Q4:Q91) -> 46 | R3: =SUM(Q4:Q91)-SUM(R4:R91) -> 26 | T3: =SUM(T4:T91) -> 92 | U3: =SUM(T4:T91)-SUM(U4:U91) -> 72 | W3: =SUM(W4:W91) -> 154 | X3: =SUM(W4:W91)-SUM(X4:X91) -> 124 | Z3: =SUM(Z4:Z91) -> 24 | AA3: =SUM(Z4:Z91)-SUM(AA4:AA91) -> 4 | AC3: =SUM(AC4:AC91) -> 44.2 | AD3: =SUM(AC4:AC91)-SUM(AD4:AD91) -> 24.2 | AF3: =SUM(AF4:AF91) -> 24 | AG3: =SUM(AF4:AF91)-SUM(AG4:AG91) -> 4 | AI3: =SUM(AI4:AI91) -> 242.8 | AJ3: =SUM(AI4:AI91)-SUM(AJ4:AJ91) -> 222.8 | AL3: =SUM(AL4:AL91) -> 53.3 | AM3: =SUM(AL4:AL91)-SUM(AM4:AM91) -> 33.3 | AO3: =SUM(AO4:AO91) -> 17.3 | AP3: =SUM(AO4:AO91)-SUM(AP4:AP91) -> 17.3 | AR3: =SUM(AR4:AR91) -> 20 | AS3: =SUM(AR4:AR91)-SUM(AS4:AS91) -> 20
A4: 대금 | B4: 선생님 | C4: =SUM(L5:L7,O5:O7,R5:R7,U5:U7,X5:X7,AA5:AA7,AD5:AD7,AG5:AG7,AJ5:AJ7,AM5:AM7,AP5:AP7,AS5:AS7) -> 0 | J4: =SUM(L5:L7) -> 0 | M4: =SUM(O5:O7) -> 0 | P4: =SUM(R5:R7) -> 0 | S4: =SUM(U5:U7) -> 0 | V4: =SUM(X5:X7) -> 0 | Y4: =SUM(AA5:AA7) -> 0 | AB4: =SUM(AD5:AD7) -> 0 | AE4: =SUM(AG5:AG7) -> 0 | AH4: =SUM(AJ5:AJ7) -> 0 | AK4: =SUM(AM5:AM7) -> 0 | AN4: =SUM(AP5:AP7) -> 0 | AQ4: =SUM(AS5:AS7) -> 0
A8: 총인원 | B8: 1명
A10: 해금 | B10: 선생님 | C10: =SUM(L11:L13,O11:O13,R11:R13,U11:U13,X11:X13,AA11:AA13,AD11:AD13,AG11:AG13,AJ11:AJ13,AM11:AM13,AP11:AP13,AS11:AS13) -> 120 | J10: =SUM(L11:L13) -> 0 | M10: =SUM(O11:O13) -> 0 | P10: =SUM(R11:R13) -> 0 | S10: =SUM(U11:U13) -> 0 | V10: =SUM(X11:X13) -> 20 | Y10: =SUM(AA11:AA13) -> 20 | AB10: =SUM(AD11:AD13) -> 20 | AE10: =SUM(AG11:AG13) -> 20 | AH10: =SUM(AJ11:AJ13) -> 20 | AK10: =SUM(AM11:AM13) -> 20 | AN10: =SUM(AP11:AP13) -> 0 | AQ10: =SUM(AS11:AS13) -> 0
A11: 1 | B11: 김민채 | D11: 해금 | E11: 단체 | F11: 목/7시20분 | G11: 12 | H11: 2 | V11: 2 | W11: 12 | X11: 10 | Y11: 2 | Z11: 12 | AA11: 10 | AB11: 2 | AC11: 12 | AD11: 10 | AE11: 1 | AF11: 12 | AG11: 10 | AH11: 1 | AI11: 12 | AJ11: 10 | AK11: 2 | AL11: 12 | AM11: 10
A12: 2 | B12: 김다영 | D12: 해금 | E12: 단체 | G12: 12 | H12: 2 | V12: 2 | W12: 12 | X12: 10 | Y12: 3 | Z12: 12 | AA12: 10 | AB12: 4 | AC12: 12 | AD12: 10 | AE12: 4 | AF12: 12 | AG12: 10 | AH12: 6 | AI12: 12 | AJ12: 10 | AK12: 2 | AL12: 12 | AM12: 10
A14: 총인원 | B14: 2명
A16: 가야금 | B16: 선생님 | C16: =SUM(L17:L19,O17:O19,R17:R19,U17:U19,X17:X19,AA17:AA19,AD17:AD19,AG17:AG19,AJ17:AJ19,AM17:AM19,AP17:AP19,AS17:AS19) -> 0 | J16: =SUM(L17:L20) -> 0 | M16: =SUM(O17:O20) -> 0 | P16: =SUM(R17:R20) -> 0 | S16: =SUM(U17:U20) -> 0 | V16: =SUM(X17:X20) -> 0 | Y16: =SUM(AA17:AA20) -> 0 | AB16: =SUM(AD17:AD20) -> 0 | AE16: =SUM(AG17:AG20) -> 0 | AH16: =SUM(AJ17:AJ20) -> 0 | AK16: =SUM(AM17:AM20) -> 0 | AN16: =SUM(AP17:AP20) -> 0 | AQ16: =SUM(AS17:AS20) -> 0
A20: 총인원 | B20: 명
A22: 정가 | B22: 선생님 | C22: =SUM(L23:L25,O23:O25,R23:R25,U23:U25,X23:X25,AA23:AA25,AD23:AD25,AG23:AG25,AJ23:AJ25,AM23:AM25,AP23:AP25,AS23:AS25) -> 0 | J22: =SUM(L23:L25) -> 0 | M22: =SUM(O23:O25) -> 0 | P22: =SUM(R23:R25) -> 0 | S22: =SUM(U23:U25) -> 0 | V22: =SUM(X23:X25) -> 0 | Y22: =SUM(AA23:AA25) -> 0 | AB22: =SUM(AD23:AD25) -> 0 | AE22: =SUM(AG23:AG25) -> 0 | AH22: =SUM(AJ23:AJ25) -> 0 | AK22: =SUM(AM23:AM25) -> 0 | AN22: =SUM(AP23:AP25) -> 0 | AQ22: =SUM(AS23:AS25) -> 0
A26: 총인원 | B26: 명
A28: 무용 | B28: 선생님 | C28: =SUM(L29:L32,O29:O32,R29:R32,U29:U32,X29:X32,AA29:AA32,AD29:AD32,AG29:AG32,AJ29:AJ32,AM29:AM32,AP29:AP32,AS29:AS32) -> 0 | J28: =SUM(L29:L32) -> 0 | M28: =SUM(O29:O32) -> 0 | P28: =SUM(R29:R32) -> 0 | S28: =SUM(U29:U32) -> 0 | V28: =SUM(X29:X32) -> 0 | Y28: =SUM(AA29:AA32) -> 0 | AB28: =SUM(AD29:AD32) -> 0 | AE28: =SUM(AG29:AG32) -> 0 | AH28: =SUM(AJ29:AJ32) -> 0 | AK28: =SUM(AM29:AM32) -> 0 | AN28: =SUM(AP29:AP32) -> 0 | AQ28: =SUM(AS29:AS32) -> 0
B29: 선생님 | D29: 무용 | F29: 월12시/수12시 | G29: 20 | I29: 임대,10일입금 | P29: 8 | Q29: 10 | R29: 0
A33: 총인원 | B33: 명
A35: 기타 | C35: =SUM(L36:L55,O36:O55,R36:R55,U36:U55,X36:X55,AA36:AA55,AD36:AD55,AG36:AG55,AJ36:AJ55,AM36:AM55,AP36:AP55,AS36:AS55) -> 0 | J35: =SUM(L36:L55) -> 0 | M35: =SUM(O36:O55) -> 0 | P35: =SUM(R36:R55) -> 0 | S35: =SUM(U36:U55) -> 0 | V35: =SUM(X36:X55) -> 0 | Y35: =SUM(AA36:AA55) -> 0 | AB35: =SUM(AD36:AD55) -> 0 | AE35: =SUM(AG36:AG55) -> 0 | AH35: =SUM(AJ36:AJ55) -> 0 | AK35: =SUM(AM36:AM55) -> 0 | AN35: =SUM(AP36:AP55) -> 0 | AQ35: =SUM(AS36:AS55) -> 0
B36: 강사수수료 | C36: 010-9873-7764 | D36: 민요 | E36: 이말진 전수자 | S36: 19 | T36: 60
B37: 체험비 | D37: 민요 | E37: 어린이날 | V37: 20 | W37: 50
B38: 강사수수료 | C38: 010-9313-2925 | D38: 민요 | E38: 신정인 전수자 | V38: 24 | W38: 60
B39: 체험비 | D39: 민요 | E39: 세종국제학교 | AB39: 23 | AC39: 13.2
B40: 강사수수료 | D40: 민요 | E40: 서도소리보존회 상금 | AH40: 4 | AI40: 47
B41: 체험비 | D41: 민요 | E41: 엘지마그네 | AH41: 4 | AI41: 16
B42: 체험비 | D42: 민요 | E42: 네이버페이 | AB42: 8 | AC42: 4 | AH42: 2 | AI42: 3
B43: 체험비 | D43: 민요 | E43: 네이버페이 | AB43: 9 | AC43: 3
B44: 체험비 | D44: 민요 | E44: 시립로하 | AH44: 9 | AI44: 26.5
B45: 체험비 | D45: 민요 | E45: 메이플베어 | AH45: 13 | AI45: 54.4
B46: 체험비 | D46: 민요 | E46: 네이버페이 | AH46: 5 | AI46: 2.9
B47: 체험비 | D47: 민요 | E47: 한가위체험 | AH47: 20 | AI47: 30
B48: 체험비 | D48: 민요 | E48: 네이버페이 | AH48: 20 | AI48: 3
B49: 체험비 | D49: 민요 | E49: 한가위체험 | AH49: 21 | AI49: 12
B50: 체험비 | D50: 민요 | E50: 신암초등 | AH50: 28 | AI50: 24
B51: 체험비 | D51: 민요 | E51: 교육부 | AK51: 29 | AL51: 17.3
B52: 체험비 | D52: 민요 | E52: 카자흐스탄 | AK52: 25 | AL52: 12
B53: 체험비 | D53: 민요 | E53: 김포교육청 | AN53: 13 | AO53: 17.3
B54: 체험비 | D54: 민요 | E54: 김포문화재단 | AQ54: 13 | AR54: 20
A56: 총인원 | B56: 1명
A58: 휴식
A59: 1 | B59: 구자우 | C59: 010-2550-4284 | D59: 정가 | E59: 단체 | F59: 수/7시 | G59: 12 | H59: 2 | J59: 17 | K59: 12 | L59: 10 | M59: 6 | N59: 12 | O59: 10 | P59: 6 | Q59: 12 | R59: 10 | S59: 3 | T59: 12 | U59: 10
A60: 2 | B60: 이지선 | C60: 010-3405-4530 | D60: 정가 | E60: 단체 | F60: 수/7시 | G60: 12 | H60: 2 | I60: 카드 | J60: 22 | K60: 24 | L60: 10 | P60: 16 | Q60: 24 | R60: 10
A61: 3 | B61: 천민승 | C61: 010-8255-9101 | D61: 대금 | E61: 개인 | F61: 일/3시 | G61: 20 | H61: 10 | S61: 13 | T61: 20 | U61: 10 | V61: 1 | W61: 20 | X61: 10

Sheet 외부25년
A1: 총 입금 | B1: =SUM(J3,M3,P3,S3,V3,Y3,AB3,AE3,AH3,AK3,AN3,AQ3) -> 1770.7 | C1: 총 | D1: =SUM(K3,N3,Q3,T3,W3,Z3,AC3,AF3,AI3,AL3,AO3,AR3) -> 1770.7
F2: 수강료 | G2: 수입 | H2: 비고 | I2: 1월 | J2: 입금 | K2: 수입 | L2: 2월 | M2: 입금 | N2: 수입 | O2: 3월 | P2: 입금 | Q2: 수입 | R2: 4월 | S2: 입금 | T2: 수입 | U2: 5월 | V2: 입금 | W2: 수입 | X2: 6월 | Y2: 입금 | Z2: 수입 | AA2: 7월 | AB2: 입금 | AC2: 수입 | AD2: 8월 | AE2: 입금 | AF2: 수입 | AG2: 9월 | AH2: 입금 | AI2: 수입 | AJ2: 10월 | AK2: 입금 | AL2: 수입 | AM2: 11월 | AN2: 입금 | AO2: 수입 | AP2: 12월 | AQ2: 입금 | AR2: 수입
A3: 카테고리 | B3: 이름 | D3: 과목 | E3: 개인/단체 | F3: =SUM(F4:F50) -> 0 | G3: =SUM(G4:G50) -> 0 | J3: =SUM(J4:J83) -> 125.9 | K3: =SUM(J4:J83)-SUM(K4:K83) -> 125.9 | M3: =SUM(M4:M83) -> 49.5 | N3: =SUM(M4:M83)-SUM(N4:N83) -> 49.5 | P3: =SUM(P4:P83) -> 35 | Q3: =SUM(P4:P83)-SUM(Q4:Q83) -> 35 | S3: =SUM(S4:S83) -> 30.5 | T3: =SUM(S4:S83)-SUM(T4:T83) -> 30.5 | V3: =SUM(V4:V83) -> 246.7 | W3: =SUM(V4:V83)-SUM(W4:W83) -> 246.7 | Y3: =SUM(Y4:Y83) -> 74 | Z3: =SUM(Y4:Y83)-SUM(Z4:Z83) -> 74 | AB3: =SUM(AB4:AB83) -> 117.1 | AC3: =SUM(AB4:AB83)-SUM(AC4:AC83) -> 117.1 | AE3: =SUM(AE4:AE83) -> 40.5 | AF3: =SUM(AE4:AE83)-SUM(AF4:AF83) -> 40.5 | AH3: =SUM(AH4:AH83) -> 196.7 | AI3: =SUM(AH4:AH83)-SUM(AI4:AI83) -> 196.7 | AK3: =SUM(AK4:AK83) -> 557.8 | AL3: =SUM(AK4:AK83)-SUM(AL4:AL83) -> 557.8 | AN3: =SUM(AN4:AN83) -> 275 | AO3: =SUM(AN4:AN83)-SUM(AO4:AO83) -> 275 | AQ3: =SUM(AQ4:AQ83) -> 22 | AR3: =SUM(AQ4:AQ83)-SUM(AR4:AR83) -> 22
A5: 기타 | C5: =SUM(K6:K50,N6:N50,Q6:Q50,T6:T50,W6:W50,Z6:Z50,AC6:AC50,AF6:AF50,AI6:AI50,AL6:AL50,AO6:AO50,AR6:AR50) -> 0 | I5: =SUM(K6:K50) -> 0 | L5: =SUM(N6:N50) -> 0 | O5: =SUM(Q6:Q50) -> 0 | R5: =SUM(T6:T50) -> 0 | U5: =SUM(W6:W50) -> 0 | X5: =SUM(Z6:Z50) -> 0 | AA5: =SUM(AC6:AC50) -> 0 | AD5: =SUM(AF6:AF50) -> 0 | AG5: =SUM(AI6:AI50) -> 0 | AJ5: =SUM(AL6:AL50) -> 0 | AM5: =SUM(AO6:AO50) -> 0 | AP5: =SUM(AR6:AR50) -> 0
A6: 체험비 | B6: 솔터고등학교 | E6: 민요대취타 | I6: 3 | J6: 15.4
A7: 체험비 | B7: 아기둥지 | E7: 대취타 | I7: 24 | J7: 20
A8: 강사수수료 | B8: 임미경 전수자 | I8: 31 | J8: 60
A9: 기타 | B9: 국민연금 | I9: 25 | J9: 30.5
A10: 체험비 | B10: 한옥마을체험 | E10: 민요대취타 | L10: 15 | M10: 13
A11: 체험비 | B11: 민요,대취타 | E11: 민요,대취타 | L11: 26 | M11: 6
A12: 기타 | B12: 국민연금 | L12: 25 | M12: 30.5
A13: 체험비 | B13: 민요 | O13: 30 | P13: 4.5
A14: 기타 | B14: 국민연금 | O14: 25 | P14: 30.5
A15: 기타 | B15: 국민연금 | R15: 25 | S15: 30.5
A16: 체험비 | B16: 무드등 | U16: 15 | V16: 1.2
A17: 체험비 | B17: 한국교육여행사 | U17: 16 | V17: 20.5
A18: 체험비 | B18: 가가호호 | U18: 16
A19: 체험비 | B19: 태평소 | U19: 17 | V19: 23
A20: 체험비 | B20: 솔터고등학교 | U20: 20
A21: 체험비 | B21: 도예주간 | E21: 민요,팝페라 | U21: 19 | V21: 90
A22: 체험비 | B22: 김포저잣거리 | U22: 28 | V22: 34 | X22: 1 | Y22: 20
A23: 체험비 | B23: 교회 | U23: 8 | V23: 30
A24: 체험비 | B24: 악기체험 | U24: 31 | V24: 17.5
A25: 기타 | B25: 국민연금 | U25: 25 | V25: 30.5
A26: 체험비 | B26: 악기체험 | X26: 1 | Y26: 16.5
A27: 체험비 | B27: 악기체험 | X27: 10 | Y27: 4
A28: 체험비 | B28: 악기체험 | X28: 6 | Y28: 3
A29: 기타 | B29: 국민연금 | X29: 25 | Y29: 30.5
A30: 체험비 | B30: 꿈길 | AA30: 7 | AB30: 11.6
A31: 기타 | B31: 예술인기획소득 | AA31: 11 | AB31: 75
A32: 기타 | B32: 국민연금 | AA32: 25 | AB32: 30.5
A33: 체험비 | B33: 아이들 | AD33: 15 | AE33: 10
A34: 기타 | B34: 국민연금 | AD34: 25 | AE34: 30.5
A35: 강사수수료 | B35: 락음국악단 | AG35: 5 | AH35: 91.2
A36: 기타 | B36: 예술인기획소득 | AG36: 19 | AH36: 75
A37: 기타 | B37: 국민연금 | AG37: 25 | AH37: 30.5
A38: 체험비 | B38: 문수산성 | AJ38: 2 | AK38: 350
A39: 체험비 | B39: 김포문화원(중봉) | AJ39: 2 | AK39: 50
A40: 체험비 | B40: 보나어린이집 | AJ40: 1 | AK40: 44
A41: 체험비 | B41: 한옥마을 | AJ41: 10 | AK41: 65
A42: 체험비 | B42: 꿈길 | AJ42: 21 | AK42: 11.6
A43: 기타 | B43: 국민연금 | AJ43: 24 | AK43: 30.5
A44: 기타 | B44: 문화원 심사의원 | AJ44: 24 | AK44: 6.7
A45: 체험비 | B45: 건강돌봄 | AM45: 3 | AN45: 30
A46: 체험비 | B46: 도예이일장 | AM46: 5 | AN46: 45
A47: 체험비 | B47: 통진향교 | AM47: 25 | AN47: 200
A48: 체험비 | B48: 외국인체험 | AP48: 12 | AQ48: 22
A53: 휴식

Sheet 외부26년
A1: 총 입금 | B1: =SUM(K3,N3,Q3,T3,W3,Z3,AC3,AF3,AI3,AL3,AO3,AR3) -> 356 | C1: 총 수입 | D1: =SUM(L3,O3,R3,U3,X3,AA3,AD3,AG3,AJ3,AM3,AP3,AS3) -> 356
G2: 수강료 | H2: 수입 | I2: 비고 | J2: 1월 | K2: 입금 | L2: 수입 | M2: 2월 | N2: 입금 | O2: 수입 | P2: 3월 | Q2: 입금 | R2: 수입 | S2: 4월 | T2: 입금 | U2: 수입 | V2: 5월 | W2: 입금 | X2: 수입 | Y2: 6월 | Z2: 입금 | AA2: 수입 | AB2: 7월 | AC2: 입금 | AD2: 수입 | AE2: 8월 | AF2: 입금 | AG2: 수입 | AH2: 9월 | AI2: 입금 | AJ2: 수입 | AK2: 10월 | AL2: 입금 | AM2: 수입 | AN2: 11월 | AO2: 입금 | AP2: 수입 | AQ2: 12월 | AR2: 입금 | AS2: 수입
A3: 카테고리 | B3: 대상 | C3: 전화번호 | D3: 과목 | E3: 개인/단체 | F3: 수업 시간 | G3: =SUM(G4:G51) -> 0 | H3: =SUM(H4:H51) -> 0 | K3: =SUM(K4:K90) -> 196 | L3: =SUM(K4:K90)-SUM(L4:L90) -> 196 | N3: =SUM(N4:N90) -> 103 | O3: =SUM(N4:N90)-SUM(O4:O90) -> 103 | Q3: =SUM(Q4:Q90) -> 57 | R3: =SUM(Q4:Q90)-SUM(R4:R90) -> 57 | T3: =SUM(T4:T90) -> 0 | U3: =SUM(T4:T90)-SUM(U4:U90) -> 0 | W3: =SUM(W4:W90) -> 0 | X3: =SUM(W4:W90)-SUM(X4:X90) -> 0 | Z3: =SUM(Z4:Z90) -> 0 | AA3: =SUM(Z4:Z90)-SUM(AA4:AA90) -> 0 | AC3: =SUM(AC4:AC90) -> 0 | AD3: =SUM(AC4:AC90)-SUM(AD4:AD90) -> 0 | AF3: =SUM(AF4:AF90) -> 0 | AG3: =SUM(AF4:AF90)-SUM(AG4:AG90) -> 0 | AI3: =SUM(AI4:AI90) -> 0 | AJ3: =SUM(AI4:AI90)-SUM(AJ4:AJ90) -> 0 | AL3: =SUM(AL4:AL90) -> 0 | AM3: =SUM(AL4:AL90)-SUM(AM4:AM90) -> 0 | AO3: =SUM(AO4:AO90) -> 0 | AP3: =SUM(AO4:AO90)-SUM(AP4:AP90) -> 0 | AR3: =SUM(AR4:AR90) -> 0 | AS3: =SUM(AR4:AR90)-SUM(AS4:AS90) -> 0
C4: =SUM(L5:L51,O5:O51,R5:R51,U5:U51,X5:X51,AA5:AA51,AD5:AD51,AG5:AG51,AJ5:AJ51,AM5:AM51,AP5:AP51,AS5:AS51) -> 0 | J4: =SUM(L5:L51) -> 0 | M4: =SUM(O5:O51) -> 0 | P4: =SUM(R5:R51) -> 0 | S4: =SUM(U5:U51) -> 0 | V4: =SUM(X5:X51) -> 0 | Y4: =SUM(AA5:AA51) -> 0 | AB4: =SUM(AD5:AD51) -> 0 | AE4: =SUM(AG5:AG51) -> 0 | AH4: =SUM(AJ5:AJ51) -> 0 | AK4: =SUM(AM5:AM51) -> 0 | AN4: =SUM(AP5:AP51) -> 0 | AQ4: =SUM(AS5:AS51) -> 0
A5: 기타 | B5: 김포문화재단 | J5: 14 | K5: 165
A6: 기타 | B6: 국민연금 | J6: 23 | K6: 31
A7: 체험비 | B7: 김포문화재단 | M7: 4 | N7: 40
A8: 체험비 | B8: 밝은나무유치원 | M8: 4 | N8: 28
A9: 체험비 | B9: 박문주 | M9: 21 | N9: 4
A10: 기타 | B10: 국민연금 | M10: 25 | N10: 31
A11: 기타 | B11: 국민연금 | P11: 25 | Q11: 31
A12: 체험비 | B12: 김미란 | P12: 27 | Q12: 2
A13: 외부강의 | B13: SIA KINDER | P13: 31 | Q13: 24
A52: 총인원 | B52: 1명
A54: 대금 | B54: 선생님 | C54: =SUM(L55:L57,O55:O57,R55:R57,U55:U57,X55:X57,AA55:AA57,AD55:AD57,AG55:AG57,AJ55:AJ57,AM55:AM57,AP55:AP57,AS55:AS57) -> 0 | J54: =SUM(L55:L57) -> 0 | M54: =SUM(O55:O57) -> 0 | P54: =SUM(R55:R57) -> 0 | S54: =SUM(U55:U57) -> 0 | V54: =SUM(X55:X57) -> 0 | Y54: =SUM(AA55:AA57) -> 0 | AB54: =SUM(AD55:AD57) -> 0 | AE54: =SUM(AG55:AG57) -> 0 | AH54: =SUM(AJ55:AJ57) -> 0 | AK54: =SUM(AM55:AM57) -> 0 | AN54: =SUM(AP55:AP57) -> 0 | AQ54: =SUM(AS55:AS57) -> 0
A58: 총인원 | B58: 1명
A60: 휴식

Sheet 통계
A1: 이름 | B1: 전화번호 | C1: 최초등록일 | D1: 마지막 수강일 | E1: 현재 상태 | F1: 총 수강 개월
A2: 김혜정 | B2: 010-5213-0895 | C2: 2023-05 | D2: 2025-12 | E2: 재원 | F2: =DATEDIF(C2, D2, "M") + 1 -> 32
A3: 고영숙 | B3: 010-2293-6349 | C3: 2023-06 | D3: 2025-12 | E3: 재원 | F3: =DATEDIF(C3, D3, "M") + 1 -> 31
A4: 김다정 | B4: 010-8234-4080 | C4: 2023-06 | D4: 2025-12 | E4: 재원 | F4: =DATEDIF(C4, D4, "M") + 1 -> 31
A5: 배이준 | B5: 010-3719-0922 | C5: 2023-07 | D5: 2025-12 | E5: 재원 | F5: =DATEDIF(C5, D5, "M") + 1 -> 30
A6: 김용 | B6: 010-5243-1591 | C6: 2024-01 | D6: 2025-12 | E6: 재원 | F6: =DATEDIF(C6, D6, "M") + 1 -> 24
A7: 박상혜 | B7: 010-7375-3111 | C7: 2024-01 | D7: 2025-12 | E7: 재원 | F7: =DATEDIF(C7, D7, "M") + 1 -> 24
A8: 석경남 | B8: 010-5005-5581 | C8: 2024-01 | D8: 2025-12 | E8: 재원 | F8: =DATEDIF(C8, D8, "M") + 1 -> 24
A9: 윤분숙 | B9: 010-8227-5911 | C9: 2024-01 | D9: 2025-12 | E9: 재원 | F9: =DATEDIF(C9, D9, "M") + 1 -> 24
A10: 이말진 | B10: 010-9873-7764 | C10: 2024-01 | D10: 2025-12 | E10: 재원 | F10: =DATEDIF(C10, D10, "M") + 1 -> 24
A11: 변이서 | B11: 010-5599-2831 | C11: 2024-02 | D11: 2025-12 | E11: 재원 | F11: =DATEDIF(C11, D11, "M") + 1 -> 23
A12: 정승은,서은 | B12: 010-6329-6643 | C12: 2024-06 | D12: 2025-12 | E12: 재원 | F12: =DATEDIF(C12, D12, "M") + 1 -> 19
A13: 문도진 | B13: 010-3478-7942 | C13: 2024-07 | D13: 2025-12 | E13: 재원 | F13: =DATEDIF(C13, D13, "M") + 1 -> 18
A14: 민다현 | B14: 010-9795-9202 | C14: 2024-09 | D14: 2025-12 | E14: 재원 | F14: =DATEDIF(C14, D14, "M") + 1 -> 16
A15: 서승아 | B15: 010-9434-6190 | C15: 45566 | D15: 2025-12 | E15: 재원 | F15: =DATEDIF(C15, D15, "M") + 1 -> 15
A16: 임미경 | B16: 010-2316-2915 | C16: 2024-10 | D16: 2025-12 | E16: 재원 | F16: =DATEDIF(C16, D16, "M") + 1 -> 15
A17: 유영순 | B17: 010-5284-4457 | C17: 2025-01 | D17: 2025-12 | E17: 재원 | F17: =DATEDIF(C17, D17, "M") + 1 -> 12
A18: 고나은 | B18: 010-4552-3662 | C18: 2025-03 | D18: 2025-12 | E18: 재원 | F18: =DATEDIF(C18, D18, "M") + 1 -> 10
A19: 최재인 | B19: 010-4046-5528 | C19: 2025-05 | D19: 2025-12 | E19: 재원 | F19: =DATEDIF(C19, D19, "M") + 1 -> 8
A20: 박마리나 | B20: 010-5763-6356 | C20: 2025-06 | D20: 2025-12 | E20: 재원 | F20: =DATEDIF(C20, D20, "M") + 1 -> 7
A21: 강서은 | C21: 2025-10 | D21: 2025-12 | E21: 재원 | F21: =DATEDIF(C21, D21, "M") + 1 -> 3
A22: 홍유정 | C22: 2025-10 | D22: 2025-12 | E22: 재원 | F22: =DATEDIF(C22, D22, "M") + 1 -> 3
A23: 전수연 | C23: 2025-12 | D23: 2025-12 | E23: 재원 | F23: =DATEDIF(C23, D23, "M") + 1 -> 1
A24: 조현자 | C24: 2025-12 | D24: 2025-12 | E24: 재원 | F24: =DATEDIF(C24, D24, "M") + 1 -> 1
A25: 임하린 | B25: 010-4660-9812 | C25: 2023-05 | D25: 2025-02 | E25: 종료 | F25: =DATEDIF(C25, D25, "M") + 1 -> 22
A26: 이소영 | B26: 010-3492-7247 | C26: 2023-06 | D26: 2024-11 | E26: 종료 | F26: =DATEDIF(C26, D26, "M") + 1 -> 18
A27: 아름 다움 | B27: 010-2472-0002 | C27: 2023-07 | D27: 2024-11 | E27: 종료 | F27: =DATEDIF(C27, D27, "M") + 1 -> 17
A28: 박창민 | B28: 010-3179-5478 | C28: 2023-08 | D28: 2024-11 | E28: 종료 | F28: =DATEDIF(C28, D28, "M") + 1 -> 16
A29: 이옥형 | B29: 010-9868-6890 | C29: 2023-05 | D29: 2024-04 | E29: 종료 | F29: =DATEDIF(C29, D29, "M") + 1 -> 12
A30: 신하린 | B30: 010-2607-4486 | C30: 2024-01 | D30: 2024-12 | E30: 종료 | F30: =DATEDIF(C30, D30, "M") + 1 -> 12
A31: 최성옥 | B31: 010-8709-5262 | C31: 2023-05 | D31: 2024-03 | E31: 종료 | F31: =DATEDIF(C31, D31, "M") + 1 -> 11
A32: 초빈 초연 | B32: 010-7481-9508 | C32: 2023-07 | D32: 2024-05 | E32: 종료 | F32: =DATEDIF(C32, D32, "M") + 1 -> 11
A33: 채린 | B33: 010-3383-1714 | C33: 2023-08 | D33: 2024-05 | E33: 종료 | F33: =DATEDIF(C33, D33, "M") + 1 -> 10
A34: 신정인 | B34: 010-9313-2925 | C34: 2024-02 | D34: 2024-11 | E34: 종료 | F34: =DATEDIF(C34, D34, "M") + 1 -> 10
A35: 김하윤 | B35: 010-4712-5166 | C35: 2024-04 | D35: 2025-01 | E35: 종료 | F35: =DATEDIF(C35, D35, "M") + 1 -> 10
A36: 공춘희 | B36: 010-9288-9750 | C36: 2023-05 | D36: 2023-12 | E36: 종료 | F36: =DATEDIF(C36, D36, "M") + 1 -> 8
... A74: 송지은 | B74: 010-3708-8676 | C74: 2025-01 | D74: 2025-01 | E74: 종료 | F74: =DATEDIF(C74, D74, "M") + 1 -> 1
A75: 고인경 | C75: 2025-03 | D75: 2025-03 | E75: 종료 | F75: =DATEDIF(C75, D75, "M") + 1 -> 1
A76: 권진영 | B76: 010-7749-6504 | C76: 2025-03 | D76: 2025-03 | E76: 종료 | F76: =DATEDIF(C76, D76, "M") + 1 -> 1
A77: 김명신 | B77: 010-7788-6527 | C77: 2025-05 | D77: 2025-05 | E77: 종료 | F77: =DATEDIF(C77, D77, "M") + 1 -> 1
A78: 김정자 | B78: 010-5554-8733 | C78: 2025-07 | D78: 2025-07 | E78: 종료 | F78: =DATEDIF(C78, D78, "M") + 1 -> 1
A79: 김규리 | C79: 2025-09 | D79: 2025-09 | E79: 종료 | F79: =DATEDIF(C79, D79, "M") + 1 -> 1
